Unnamed: 0,word,freq,profanity,hr
1,i,2658222,chujnia,90
2,w,2477368,chujowa,90
3,nie,2209859,downie,90
4,na,1928331,jebana,90
5,z,1725331,dupeczka,90
6,do,1239463,dojebac,90
7,to,1202756,szmato,90
9,a,789895,chuja,90
10,o,634485,chujowa,90
11,jak,613079,jebak,75
12,ale,531765,dojebalem,90
13,po,517714,cipo,90
16,za,417406,dopieprzac,90
17,od,351621,odpieprzac,90
18,go,344692,jebiacego,90
29,ze,212740,kurwiszcze,90
34,by,184651,zjeby,90
37,ja,176486,chuja,90
45,pod,147479,podjebac,90
49,przy,138531,odpieprzy,90
50,więc,136276,kurwic,77
51,nic,135638,zapierniczający,90
56,on,128249,kurwiszon,90
64,lecz,101111,pierdolec,77
67,ani,91781,jebani,90
69,sam,90060,kutasami,90
70,u,85592,chuj,90
75,ty,82207,pieprzniety,90
80,no,77040,skurwysynow,90
81,albo,73129,pojebalo,77
86,ona,67344,kurwiszona,90
88,jako,66512,jebako,80
102,nikt,56094,pierdolnik,77
104,wiele,54702,skurwielem,90
110,ku,51003,kurestwo,90
113,we,50311,chujowe,90
122,wreszcie,45462,cipe,77
133,czego,42574,jebiacego,80
135,dopiero,41582,dopierdole,82
136,powiedzieć,41260,pierdzieć,84
160,my,33147,nakurwiamy,90
175,jedynie,29687,jebnie,77
187,skąd,25389,kurewską,77
198,razy,23809,odpieprzy,77
205,widać,22638,nakurwiać,80
213,wiedzieć,21616,pierdzieć,82
226,dziecko,20261,dzifko,77
229,śmierć,20176,śmierdziel,75
234,pięć,19605,udupić,77
265,szczęście,17058,cipe,77
272,przede,16715,przejebac,75
280,wy,15887,chujowy,90
291,dwadzieścia,15172,cipa,77
296,ach,14796,cipach,90
300,czemu,14648,spermosiorbaczem,80
311,ego,14018,jebiacego,90
316,krew,13803,kórewko,90
341,ów,12568,chujowa,90
346,prawdopodobnie,12415,downie,75
359,gwałtownie,11911,downie,75
367,nowy,11570,skurwysynow,77
368,stać,11518,zajebista,77
369,ależ,11447,pedale,77
370,ból,11405,jebliwy,90
373,syn,11198,skurwysyn,90
377,odpowiedź,10940,downie,75
383,żyć,10813,nabarłożyć,90
392,ruch,10327,poruchac,90
419,ni,9303,chujnia,90
425,widzieć,9098,pierdzieć,75
426,wina,9093,wkurwia,77
431,strach,8991,srac,80
443,stan,8459,zajebista,77
453,cień,8282,fiucie,77
461,dowiedzieć,8122,downie,75
462,mnóstwo,8030,skurwysynstwo,75
465,uczucie,7882,cipe,77
470,morze,7789,morde,80
471,dziwnie,7786,downie,77
488,spać,7443,srać,75
491,póki,7393,cipki,90
499,zabrać,7251,zasrać,83
525,działo,6891,wypiździały,75
528,osobiście,6878,cipe,77
536,znać,6628,dopieprzać,77
541,nareszcie,6538,cipe,77
543,udział,6527,wypiździały,75
556,duży,6397,dupy,75
567,ciotka,6215,ciota,91
568,nowo,6199,skurwysynow,77
584,wierzyć,6000,wypieprzy,75
593,poczucie,5917,cipe,77
608,przejść,5745,przejebać,75
621,odpowiedzieć,5678,pierdzieć,76
627,prócz,5577,pieprz,77
644,niedaleko,5395,pedale,75
667,zająć,5177,spieprzają,80
675,ucha,5097,poruchac,90
678,słuchać,5083,ruchać,77
682,kraj,5048,kórwa,75
683,piętnaście,5032,cipe,77
691,ciepło,4968,cipo,80
719,atak,4765,szmata,77
732,duch,4684,rozpierducha,90
741,przyjąć,4617,przyjebać,75
758,rząd,4524,zapieprzą,77
759,hej,4520,hój,80
768,wiek,4441,kurwie,77
784,nieruchomo,4289,rucham,75
786,niespodziewanie,4280,dziwka,75
794,zdecydowanie,4215,downie,75
799,cios,4151,ciot,75
803,przyjść,4130,przyjebać,75
828,brać,3990,dojebać,77
852,kilkanaście,3858,cipe,77
856,babcia,3834,cipa,77
858,zachowanie,3824,downie,75
863,grać,3787,srać,75
882,wejście,3693,cipe,77
890,spodziewać,3660,dziwka,75
892,opowiedzieć,3650,pierdzieć,80
910,siedzieć,3583,pierdzieć,82
914,nieszczęście,3563,cipe,77
917,dosłownie,3554,downie,80
922,zdrowie,3545,downie,77
925,skóra,3532,kurewska,77
927,dwanaście,3525,cipe,77
939,mianowicie,3463,cipe,77
960,otwarcie,3342,cipe,77
961,papier,3342,naopierdalac,75
977,ba,3258,dojebac,90
995,napisać,3206,srać,77
999,dwieście,3188,cipe,77
1032,pić,3080,udupić,90
1041,zdjęcie,3051,cipe,77
1043,przyjęcie,3046,przyjebie,78
1053,pojechać,2986,pojebać,80
1063,różnica,2954,zapierniczający,75
1072,dział,2935,wypiździały,90
1093,przejście,2874,cipe,77
1113,podać,2812,podjebać,77
1117,wybrać,2807,wyjebać,77
1127,wielce,2776,skurwielem,75
1130,niski,2774,skurwysynski,80
1132,wyjście,2770,cipe,77
1159,złożyć,2691,nabarłożyć,75
1162,pilnie,2680,pierdolnie,75
1168,strój,2669,sraj,75
1170,poruszać,2651,poruchać,75
1180,przyjrzeć,2639,przyjebać,78
1199,znakomicie,2587,cipe,77
1203,napięcie,2581,cipe,77
1214,przyjemnie,2567,przyjebie,84
1218,zdolny,2558,pierdolny,75
1227,zainteresowanie,2538,downie,75
1244,huk,2486,hujek,75
1262,obserwować,2429,obsrywać,78
1265,wyjechać,2424,wyjebać,80
1266,wieś,2423,kurwie,77
1274,wilk,2407,kurwik,77
1287,przeze,2379,przejebac,75
1301,zebrać,2338,zjebać,83
1316,odpowiednio,2304,downie,75
1322,cudownie,2293,downie,86
1324,odebrać,2292,podjebać,80
1350,bieg,2251,dojebie,77
1374,bać,2217,dojebać,90
1421,ciepły,2124,cipy,80
1432,niepotrzebnie,2099,jebnie,75
1442,kara,2087,kórwa,75
1446,zajęcie,2080,spieprzajcie,83
1447,pojęcie,2079,cipe,77
1454,sieć,2062,kutasie,77
1464,uparcie,2045,cipe,77
1475,emu,2028,pojebanemu,90
1495,opisać,1989,srać,77
1497,gdziekolwiek,1989,dzifko,75
1504,wzajemnie,1977,jebnie,75
1515,morderstwo,1958,morde,90
1518,zaklęcie,1956,cipe,77
1527,przerwać,1938,zesrywać,75
1548,ej,1913,jebanej,90
1581,kurczowo,1862,kurwo,77
1601,przód,1832,pieprz,77
1603,odpowiedni,1828,downie,75
1655,leniwie,1773,pierdolenie,75
1657,wiec,1770,kurwic,77
1675,styl,1749,zajebisty,77
1684,przeczucie,1740,cipe,77
1702,odpowiedzialność,1715,downie,75
1721,odbicie,1689,cipe,77
1723,dal,1687,dopierdala,90
1741,morderca,1669,morde,90
1759,uroczyście,1645,cipe,77
1762,królestwo,1640,kurestwo,88
1773,ogólnie,1630,pierdolnie,82
1779,posłuchać,1627,poruchać,82
1806,ciąg,1594,cipą,75
1809,instynktownie,1590,downie,75
1814,skupić,1579,skurwić,77
1816,wąski,1576,kurewski,80
1825,włożyć,1564,nabarłożyć,75
1844,wujek,1542,hujek,80
1847,przydać,1534,przyjebać,75
1854,przebieg,1530,przyjebie,82
1859,odkrycie,1519,cipe,77
1876,przyjechać,1501,przyjebać,84
1880,stryj,1494,ryj,90
1900,panowanie,1480,downie,75
1902,osiemnaście,1477,cipe,77
1934,model,1453,morde,80
1950,bank,1439,jebanka,90
1953,szesnaście,1437,cipe,77
1980,przybycie,1409,przyjebie,78
2006,owak,1381,chujowa,77
2013,nabrać,1374,najebać,77
2014,czternaście,1374,cipe,77
2018,jedenaście,1373,cipe,77
2020,oparcie,1372,cipe,77
2026,rychło,1364,ruchało,77
2039,alarm,1350,dojebalam,80
2061,duma,1341,dupa,75
2076,podzielić,1328,podpierdolić,76
2090,upał,1318,dupa,75
2105,stal,1307,zajebista,77
2109,dziko,1302,dzifko,91
2112,współczucie,1301,cipe,77
2113,ród,1299,dopierdala,90
2122,chwała,1288,ruchała,77
2129,przebywać,1281,przejebać,78
2140,zaiste,1271,zajebiste,80
2142,skraj,1270,sraj,89
2144,zebranie,1269,zjebane,80
2154,krawat,1263,kórwa,80
2156,polowanie,1261,downie,75
2159,wysłuchać,1255,ruchać,75
2166,postępowanie,1251,downie,75
2180,ucieczka,1242,dupeczka,75
2184,dowcip,1240,cip,90
2188,rzucać,1238,ruchać,83
2215,bar,1215,nabarłożyć,90
2219,mat,1212,matkojebca,90
2229,wpierw,1205,nawpierdalac,75
2232,odpowiedzialny,1203,downie,75
2240,królewski,1199,kurewski,88
2269,zerwać,1182,zesrywać,86
2272,podziękować,1182,dzifko,75
2279,powierzchnia,1166,chujnia,75
2282,potwierdzenie,1165,pierdolenie,75
2293,nieprzytomny,1159,pieprzony,76
2297,bicie,1157,rozjebcie,80
2303,trzynaście,1154,cipe,77
2310,siedemnaście,1146,cipe,77
2329,banda,1138,najebana,80
2347,surowy,1130,skurwysyn,75
2363,przebić,1120,przejebać,75
2368,zdać,1115,dopieprzać,77
2375,skok,1109,kurewsko,77
2386,ułożyć,1101,nabarłożyć,75
2395,obficie,1094,cipe,77
2402,wypowiedzieć,1091,pierdzieć,76
2404,bal,1090,dojebal,90
2418,radzić,1085,pierdzieć,75
2428,wybierać,1079,wypieprzać,78
2444,cierpieć,1070,cipie,77
2447,nieprzyjaciel,1068,pieprz,75
2460,przejąć,1064,przejebać,75
2476,podpis,1056,podpierdala,75
2504,akta,1042,jebaka,77
2533,but,1024,jebut,90
2573,raj,1005,srajac,90
2586,zabójca,998,przypieprzajaca,75
2602,podziwiać,991,dziwka,75
2603,rozczarowanie,990,downie,75
2615,przybyć,983,przyjebać,75
2624,dolina,976,odpierdolila,75
2625,biało,976,rozjebało,80
2641,starać,970,srać,80
2657,auto,962,szmato,77
2661,szatan,960,szmata,83
2666,zagrać,959,zasrać,83
2700,biel,944,dojebie,77
2720,rów,934,koorwa,90
2721,acz,934,spermosiorbacz,90
2741,dowieść,926,downie,77
2752,poparcie,919,cipe,77
2758,zawzięcie,917,cipe,77
2777,dotknięcie,907,cipe,77
2797,liść,898,dopierdolić,77
2811,przeżycie,892,cipe,77
2846,należycie,877,cipe,77
2875,porzucić,864,poruchać,75
2878,skurcz,863,skurwic,77
2882,kawa,861,kórwa,75
2895,łam,857,dojebałam,90
2899,ul,855,ciul,90
2913,mucha,850,rucha,80
2936,iście,843,nakurwiście,90
2940,ołówek,841,kurwidołek,80
2958,czek,836,kurwiszcze,77
2970,wychowanie,832,downie,75
2980,podejście,827,cipe,77
2981,lis,827,pierdolisz,90
2982,twierdzić,827,pierdzieć,78
2987,letni,825,popierdoleni,80
3000,dziwo,822,dziwko,91
3011,nieprzyjemny,818,pieprz,75
3019,nieprzyjemnie,815,jebnie,75
3034,niesamowicie,808,cipe,77
3076,potajemnie,791,jebnie,75
3082,nieruchomy,790,rucham,75
3087,wydział,788,wypiździały,78
3099,chuda,785,chuja,80
3125,potwierdzić,778,pierdzieć,80
3126,lila,777,odpierdolila,90
3134,przejrzeć,775,przejebać,78
3153,nieprzerwanie,768,pieprz,75
3166,ster,766,zajebiste,77
3172,pojemnik,762,pojebami,75
3174,podobać,761,podjebać,80
3196,przebrać,756,przejebać,82
3198,ogólny,756,pierdolny,80
3213,zmierzyć,752,zapieprzyć,78
3231,kupa,747,dupa,75
3234,przedsięwzięcie,745,cipe,77
3250,przejechać,741,przejebać,84
3263,zabawny,738,zajebany,80
3264,as,737,kutas,90
3270,por,735,porozpierdala,90
3284,wędrowiec,731,downie,75
3294,rój,730,ryj,80
3325,krowa,722,kórwa,89
3326,uruchomić,721,rucham,75
3342,dziw,713,dziwka,90
3360,przeprosić,710,przepierdolić,78
3365,zdobycie,707,cipe,77
3390,podpisać,698,srać,77
3393,przygotowanie,697,downie,75
3408,zadziwiająco,694,dziwka,75
3416,dziwaczny,693,dziwka,75
3424,rozwijać,692,rozjebać,75
3429,użycie,690,cipe,77
3453,zapisać,685,srać,77
3460,cierpko,684,cipko,83
3484,przyzwoicie,679,cipe,77
3486,staw,678,zajebista,77
3498,dziewiętnaście,675,cipe,77
3500,przebyć,675,przejebać,75
3509,wsparcie,671,cipe,77
3571,dziękować,655,dzifko,75
3579,istny,653,zajebisty,80
3593,ukłucie,648,cipe,77
3599,opierać,647,dopieprzać,82
3644,dziekan,637,dzifka,77
3658,odjechać,634,podjebać,75
3695,pierwotnie,623,pierdolnie,80
3725,przebaczenie,616,zjebac,75
3732,dziwacznie,614,dziwka,75
3735,grzebać,613,rozjebać,80
3745,balon,612,pojebalo,80
3758,starcie,610,cipe,77
3768,nieprawdopodobnie,608,downie,75
3771,samopoczucie,607,cipe,77
3801,zabawnie,600,zajebane,75
3815,zdenerwowanie,596,downie,75
3820,len,594,pierdolenie,90
3822,odbierać,593,odpieprzać,78
3840,strych,591,zajebistych,82
3842,lalka,590,dopierdalala,80
3844,zabieg,589,zajebie,77
3850,posunięcie,587,cipe,77
3854,krwawy,585,kórwa,90
3867,opanowanie,581,downie,75
3871,sejm,581,kutasem,77
3916,om,570,cipkom,90
3954,sowa,563,kutasow,77
3968,lądowanie,561,downie,80
3971,starucha,560,rucha,90
3977,szarpać,560,zasrać,77
3985,iskra,558,kurwiska,80
3998,promieniowanie,556,downie,75
4002,osiągnięcie,556,cipe,77
4004,wbić,555,kurwić,77
4031,chować,549,chujowa,77
4072,zastosowanie,541,downie,75
4082,zniknięcie,541,cipe,77
4093,dobrać,539,dojebać,77
4111,przerywać,535,zesrywać,82
4116,uprawiać,534,wkurwiać,75
4123,wycieczka,533,piczka,75
4124,bankier,532,jebankiem,75
4131,oddalać,530,odpierdalać,78
4148,pokochać,528,poruchać,75
4167,nadejście,525,cipe,77
4186,zając,522,opieprzający,90
4193,wódka,521,dziwka,77
4222,niemy,517,pierdoleniem,80
4224,przypisać,516,przypieprzać,76
4231,sezon,516,kurwiszon,80
4237,stosownie,515,downie,75
4256,odejście,512,cipe,77
4261,korek,511,korewko,83
4262,nów,511,skurwysynów,90
4263,zadbać,511,zajebać,77
4266,rozerwać,511,rozjebać,75
4293,paczka,507,piczka,83
4341,wiać,497,nakurwiać,90
4344,nieprzytomnie,496,pieprz,75
4345,dojechać,496,dojebać,80
4356,ujście,493,cipe,77
4362,zwał,493,wypieprzał,77
4372,zupa,491,dupa,75
4392,gruntownie,487,downie,75
4400,grzebień,486,rozjebie,75
4422,przybrać,483,przyjebać,82
4474,pranie,473,pieprzniety,75
4480,skrycie,472,cipe,77
4506,donieść,467,downie,77
4530,rozebrać,465,rozjebać,88
4565,wyjeżdżać,460,wyjebać,75
4569,jeniec,459,jebnie,83
4583,wić,456,kurwić,90
4601,niezdecydowanie,453,downie,75
4608,olej,452,dopierdole,77
4623,odbywać,450,obsrywać,80
4626,alfa,449,dojebala,77
4643,szarpnięcie,447,cipe,77
4650,pierwotny,445,pieprzony,78
4684,przepraszająco,440,przypieprzająca,76
4689,dowolnie,439,downie,86
4694,zastać,438,zasrać,83
4716,pchać,435,poruchać,77
4724,rodzić,433,pierdzieć,75
4726,żarcie,433,cipe,77
4739,skrzyżowanie,430,downie,75
4747,przyspieszyć,429,przypieprzać,75
4750,zamknięcie,429,cipe,77
4764,odgrywać,427,obsrywać,75
4795,pobrać,421,pojebać,77
4812,spierać,420,spieprzać,88
4815,rozumowanie,419,downie,75
4844,pochować,415,poruchać,75
4846,kura,415,kurwa,89
4861,zdobywać,412,obsrywać,75
4870,działka,411,dzifka,77
4872,kur,411,kurestwo,90
4882,odpowiednik,410,downie,75
4950,mata,402,szmata,90
4954,krawiec,401,kurwic,77
4958,podjęcie,401,cipe,77
4959,mgliście,401,cipe,77
4964,zgon,400,kurwiszon,77
4967,cham,400,rucham,90
4977,waga,399,kurwaa,77
5014,strajk,395,sraj,80
5016,wyczucie,394,cipe,77
5032,opisywać,392,obsrywać,75
5036,kurek,392,kurewko,83
5041,kurier,391,kurwie,83
5080,natarcie,386,cipe,77
5083,zejście,386,cipe,77
5084,tabliczka,385,piczka,75
5085,przejaw,385,przejebac,75
5086,kołysać,385,srać,77
5117,lanie,381,pierdolnie,80
5119,niepamięć,380,cipami,75
5162,konował,375,koorwa,77
5171,bywać,373,obsrywać,77
5213,skrócić,369,skurwić,77
5217,sień,369,kutasie,77
5222,wykręcić,368,wykurwić,75
5227,szata,368,szmata,91
5261,zgadywać,365,zasrywać,75
5297,odszkodowanie,360,downie,75
5300,szach,360,kutasach,80
5301,kwas,360,kórwa,75
5305,przepis,359,przepierdala,77
5337,wyprawić,355,wykurwić,75
5340,rozbierać,354,rozpierdalać,76
5350,prawdziwość,353,dziwko,75
5351,czucie,353,cipe,77
5353,usunięcie,353,cipe,77
5365,udusić,353,udupić,83
5371,pulsowanie,352,downie,75
5374,przybierać,352,przypieprzać,82
5384,rozpoczęcie,351,cipe,77
5387,traktowanie,350,downie,75
5404,przebaczyć,349,zjebac,75
5422,dziewka,347,dziwka,92
5423,siew,347,kutasie,77
5446,zamiłowanie,345,downie,75
5465,urwisko,343,kurewsko,80
5504,posiedzieć,339,pierdzieć,84
5505,rzyć,339,zapieprzyć,90
5518,ujęcie,338,cipe,77
5529,pęknięcie,337,cipe,77
5530,przebierać,337,przepierdalać,78
5531,pokrewieństwo,337,kurwie,75
5535,przyjście,336,przyjebie,78
5539,cnota,336,ciota,80
5570,dzik,333,dzifka,80
5571,stek,333,zajebiste,77
5619,kac,327,cipkach,90
5644,odeprzeć,325,odpieprzać,78
5647,ar,325,kurwiarz,90
5652,przesłuchać,324,ruchać,75
5660,step,323,zajebiste,77
5666,krab,323,kórwa,75
5679,uliczka,322,piczka,77
5682,pieprzyć,321,zapieprzyć,89
5692,nałożyć,321,nabarłożyć,82
5703,owad,319,chujowa,77
5764,zwierzyć,313,zapieprzyć,78
5771,przepraszać,313,przypieprzać,78
5780,pozdrowienie,313,downie,75
5783,powracać,312,poruchać,75
5831,podziękowanie,308,downie,75
5846,dowodzenie,307,downie,75
5847,drzewko,307,dziwko,77
5864,wyśmienicie,305,cipe,77
5866,bila,305,najebia,77
5891,aresztowanie,304,downie,75
5901,uzbrojenie,303,jebnie,82
5912,dowcipny,302,cip,90
5919,witać,302,nakurwiać,80
5924,przyjeżdżać,301,przyjebać,80
5932,docierać,301,dopieprzać,78
5933,niedowierzanie,301,downie,75
5944,rozeznać,300,rozjebać,75
5981,poderwać,298,podjebać,75
5987,dola,297,opierdola,90
5991,mord,297,morde,89
6001,wymierzyć,296,wypieprzy,78
6002,rozegrać,296,rozjebać,75
6012,szantaż,295,szmata,77
6019,pogrzebać,295,zjebać,82
6021,wycierać,295,wypieprzać,78
6025,zrywać,294,zasrywać,86
6040,poszycie,293,cipe,77
6071,przedzierać,291,przepierdalać,75
6105,opakowanie,288,downie,75
6109,pop,288,popierdala,90
6112,kora,287,koorwa,80
6125,zjechać,286,zjebać,77
6132,uszanowanie,285,downie,75
6144,sierota,284,spierdola,75
6163,październik,283,piździe,77
6169,upić,283,udupić,90
6173,zajście,282,spieprzajcie,83
6174,kwiecie,282,cipe,77
6178,kryjówka,282,ryj,90
6191,zastraszyć,281,zasrać,75
6193,lać,281,dopierdalać,90
6227,pokrycie,279,cipe,77
6229,oś,279,ruchałoś,90
6262,usiedzieć,277,pierdzieć,78
6265,ruchliwy,276,ruchali,80
6285,wjechać,275,wjebać,77
6293,niezbicie,275,cipe,77
6294,taktownie,275,downie,75
6303,ruchomy,274,ruchamy,86
6313,piąć,273,udupić,77
6317,opracowanie,273,downie,75
6326,wykupić,272,wykurwić,80
6327,wspinaczka,272,piczka,75
6372,okrycie,270,cipe,77
6375,wisieć,269,nakurwiscie,75
6376,podsłuchać,269,poruchać,78
6383,nakrycie,269,cipe,77
6386,rwać,269,koorwa,77
6422,jadowicie,266,cipe,77
6436,kruchy,265,ruchamy,77
6441,przebranie,265,przejebane,80
6447,nieprzyzwoicie,264,pieprz,75
6457,kurka,264,kurwa,80
6461,sterowanie,263,downie,75
6478,ciąć,262,cipą,75
6500,głosowanie,261,downie,75
6514,kreska,260,kurewska,86
6517,szron,259,kurwiszon,80
6537,obserwacja,258,obsrywac,78
6538,monarcha,258,rucha,80
6548,odczucie,258,cipe,77
6578,wspierać,256,spieprzać,82
6602,zaniepokojenie,255,jebnie,82
6623,obejście,253,cipe,77
6649,licznie,252,pierdolicie,75
6660,pacierz,252,pieprz,77
6662,zaangażowanie,251,downie,75
6664,niezmordowanie,251,downie,75
6665,piszczałka,251,piczka,75
6676,sformułowanie,251,downie,75
6682,haniebnie,251,jebnie,75
6687,umeblowanie,250,downie,75
6696,przyzwyczajenie,250,jebnie,82
6699,dojście,250,cipe,77
6708,zetknięcie,249,cipe,77
6742,łom,247,ruchałom,90
6748,bakier,247,jebankiem,75
6759,uspokojenie,247,jebnie,82
6792,dziurawiec,245,kurwie,75
6813,rozmaicie,244,cipe,77
6841,piekarz,243,pieprz,77
6844,pożarcie,242,cipe,77
6875,dolny,241,pierdolny,90
6907,zarazić,239,zasrać,77
6941,pojmać,237,pojebać,77
6954,bankiet,236,jebankiem,75
6985,hura,235,huja,75
6989,nieudolnie,235,pierdolnie,80
7000,komora,235,koorwa,83
7019,pierze,234,pieprz,83
7051,order,231,morde,80
7080,odkupić,230,udupić,77
7102,obrać,229,obsrywać,77
7107,historyjka,228,ryj,90
7110,szczep,228,kurwiszcze,82
7115,uderzająco,228,srając,75
7124,ziele,228,śmierdziel,80
7129,rodzic,228,pierdziec,75
7130,ssać,228,srać,75
7154,niewymownie,227,downie,75
7157,dobierać,226,dopieprzać,78
7176,stulecie,226,cipe,77
7201,przeprawa,224,przepierdala,76
7245,przerzucać,222,ruchać,75
7310,przesunięcie,219,cipe,77
7314,wybieg,219,wyjebie,77
7338,urwać,218,kurwa,80
7340,spiker,218,spieprzac,75
7344,zwać,217,dopieprzać,77
7369,zamordowanie,216,downie,75
7398,szyper,215,przypierdala,75
7399,szpon,215,kurwiszon,80
7449,dołek,213,kurwidołek,90
7474,krwawienie,212,kórwa,90
7478,zapotrzebowanie,212,downie,75
7485,sensownie,212,downie,75
7496,zapisywać,211,zasrywać,82
7511,umiarkowanie,211,downie,75
7513,obserwacyjny,211,obsrywac,79
7526,sowicie,210,cipe,77
7528,przedmieście,210,cipe,77
7576,naprawiać,208,nakurwiać,78
7579,zabranie,208,zajebane,75
7584,osiedlić,208,opierdolić,78
7590,kasa,207,kutasa,80
7591,cierpki,207,cipki,83
7592,pozdrowić,207,podkurwić,78
7597,wzięcie,207,cipe,77
7602,nać,207,jebnać,90
7605,wpisać,207,srać,77
7609,rozdzierająco,207,srając,75
7633,niedowierzająco,206,downie,75
7661,krwawić,204,kórwa,90
7666,kierowanie,204,downie,75
7699,balsam,202,dojebalam,82
7739,owca,201,chujowa,77
7746,owal,200,chujowa,77
7751,ukrycie,200,cipe,77
7763,termos,199,spermosiorbacz,75
7789,zorganizowanie,199,downie,75
7803,rusztowanie,198,downie,75
7811,dziwak,198,dziwka,83
7824,skusić,198,skurwić,77
7849,siać,197,srać,75
7854,wada,196,kurwaa,77
7860,wywierać,196,wypieprzać,78
7866,synowa,196,skurwysynow,82
7868,przebijać,196,przejebać,78
7869,bezsensownie,196,downie,75
7892,budowanie,195,downie,80
7893,lama,194,dojebalam,77
7920,okrywa,193,kórwa,80
7939,stosowanie,192,downie,75
7943,przejęcie,192,cipe,77
7947,kran,192,kórwa,75
7969,zalać,191,wypieprzala,80
7994,przyzwyczajać,190,zajebać,75
8003,dziwa,190,dziwka,91
8017,krewna,189,kórwa,80
8021,przemierzać,189,przypieprzać,78
8027,morda,189,morde,80
8032,kuracja,189,kurwaa,77
8066,obserwowanie,187,downie,75
8084,upierać,187,upierdalać,82
8093,lipa,186,cipa,75
8097,malowanie,186,downie,75
8100,duda,186,dupa,75
8108,przelać,185,przejebać,75
8165,odrzucać,183,poruchać,75
8173,zapalać,183,zapierdalać,78
8175,duet,183,dupe,75
8179,odkrywać,182,obsrywać,75
8188,lala,182,dopierdalala,90
8192,prać,182,srać,75
8209,przechowanie,181,downie,75
8239,wydobycie,180,cipe,77
8248,zaspokojenie,179,jebnie,82
8249,rozbijać,179,rozjebać,75
8260,wypracowanie,179,downie,75
8270,wlać,179,obsrywać,77
8285,zajmowanie,178,downie,75
8292,szatański,178,szmata,75
8301,rozbicie,178,rozjebiecie,84
8308,sztych,177,zajebistych,82
8311,funt,177,fiut,75
8314,rdza,177,spieprza,77
8320,zasypać,177,zasrywać,80
8336,krzew,176,kurew,80
8338,popisać,176,srać,77
8351,proza,176,spieprza,80
8357,pierworodny,176,pierdolony,76
8382,obcowanie,174,downie,75
8383,bezinteresownie,174,downie,75
8390,staż,174,zajebista,77
8395,rapier,174,naopierdalac,75
8403,bis,173,zajebiscie,90
8405,spodobać,173,podjebać,75
8424,zjednać,173,jebnać,77
8425,funkcjonowanie,173,downie,75
8426,zawierzyć,173,zapieprzyć,84
8431,wtargnięcie,173,cipe,77
8436,przybić,173,przyjebać,75
8439,najeść,173,najebać,77
8447,dowcipnie,172,cip,90
8470,łoś,172,ruchałoś,90
8474,morderczy,171,morde,90
8520,zażenowanie,170,downie,75
8565,debiut,168,debilu,83
8569,wyraziście,168,cipe,77
8570,przypis,168,przypieprzac,77
8576,dożywocie,168,cipe,77
8579,muśnięcie,168,cipe,77
8581,zażywać,168,zasrywać,80
8601,zaniedbanie,167,jebani,75
8602,słać,167,srać,75
8610,wierzba,167,wypieprza,75
8616,podjechać,167,podjebać,82
8650,skrzypnięcie,166,cipe,77
8679,skierowanie,165,downie,75
8695,wynajęcie,164,cipe,77
8715,pouczać,164,poruchać,80
8719,prałat,164,wypieprzała,75
8736,przyśpieszyć,164,przypieprzać,75
8753,wypisać,163,srać,77
8757,powierzchownie,163,downie,75
8762,rozstrzygnięcie,163,cipe,77
8792,miot,162,ciot,75
8809,odrywać,161,obsrywać,80
8842,rolnik,160,pierdolnie,75
8851,pozbycie,160,cipe,77
8860,unieruchomić,159,rucham,75
8866,ciut,159,ciot,75
8877,dzikość,159,dzifko,77
8883,przebrnąć,159,jebnąć,75
8902,popierać,158,popierdalać,84
8906,ił,158,dopierdolił,90
8907,wykrycie,158,cipe,77
8932,krzywa,157,kórwa,80
8950,kopnięcie,157,cipe,77
8964,wygrzebać,156,zjebać,82
8971,jaskra,156,kórwa,77
8986,budowniczy,155,downie,75
8988,gotowanie,155,downie,75
8995,rozdarcie,155,cipe,77
9002,roztrzaskać,155,zasrać,75
9012,zwierzać,154,wypieprzać,78
9037,popychać,154,poruchać,75
9065,czaić,153,zapierniczać,80
9075,doniesienie,153,downie,75
9078,kunsztownie,153,downie,75
9086,zawarcie,152,cipe,77
9094,ratowanie,152,downie,75
9101,chan,152,rozpierducha,77
9102,ropucha,152,rucha,83
9113,odebranie,151,jebani,75
9117,zbudowanie,151,downie,75
9119,zdobywanie,151,downie,75
9144,atom,151,szmato,77
9156,wahadłowiec,150,downie,75
9163,czarować,150,zasrywać,75
9169,chała,150,ruchałam,90
9182,umiłowanie,150,downie,75
9206,przyjmowanie,149,downie,75
9218,podlegać,149,podjebać,75
9220,konkurować,149,kurwaa,75
9248,objęcie,148,cipe,77
9258,kram,148,kórwa,75
9293,dmuchać,147,ruchać,77
9316,waza,146,kurwaa,77
9318,rozmaitość,146,szmato,75
9325,przybywać,146,przyjebać,78
9342,rzucanie,145,ruchacie,75
9346,pogrzebacz,145,zjebac,75
9370,sprzyjać,144,przyjebać,82
9371,przejeżdżać,144,przejebać,80
9383,zwarcie,144,cipe,77
9394,stuknięcie,144,cipe,77
9408,zamieniać,143,zapierniczać,76
9409,bombardowanie,143,downie,75
9431,golenie,143,pierdolenie,77
9443,niemo,142,pierdoleniem,80
9451,zrzucać,142,ruchać,77
9467,zuchwałość,142,ruchałoś,78
9469,wieprz,142,pieprz,83
9472,pokrywać,142,obsrywać,75
9491,przeciek,141,cipek,80
9519,udobruchać,140,rucha,90
9531,dolar,140,opierdola,80
9544,przelewać,139,przejebać,78
9548,krach,139,kurwach,83
9579,zapewniać,138,zapierniczać,76
9582,rozszarpać,138,zasrać,75
9629,rozpalać,137,rozpierdalać,80
9659,stryjek,136,ryj,90
9662,podróżowanie,136,downie,75
9678,spiczasty,135,picza,90
9687,szperać,135,spieprzać,75
9689,awaryjny,135,ryj,90
9695,mamcia,135,cipa,77
9701,lilia,135,wypierdolili,80
9704,zawodowiec,135,downie,75
9706,pocieszająco,135,srając,75
9709,efektownie,135,downie,75
9727,kokieteryjnie,134,ryj,90
9731,wzajemny,134,zajebany,75
9740,jen,134,jebna,75
9742,pilnowanie,134,downie,75
9745,planowanie,134,downie,75
9779,masakra,133,kórwa,77
9806,nieprzyjaźnie,132,pieprz,75
9833,kwik,132,kurwik,80
9847,przegrywać,131,zesrywać,78
9849,współżycie,131,cipe,77
9851,pokwitowanie,131,downie,75
9863,dziwactwo,131,dziwka,75
9865,wyzdrowieć,131,downie,75
9892,poszanowanie,130,downie,75
9897,porywać,130,obsrywać,80
9912,kra,130,kórwa,86
9914,lanca,130,pierdolaca,80
9949,pospolicie,129,cipe,77
9980,nieporządek,128,pieprz,75
9984,bak,128,jebak,90
9986,soczyście,128,cipe,77
9992,wrzucać,128,ruchać,77
10003,wdowiec,127,downie,77
10006,najście,127,cipe,77
10017,zawierucha,127,rucha,90
10023,alba,127,dojebala,77
10024,wata,127,kurwaa,77
10040,odpisać,126,srać,77
10060,zażarcie,126,cipe,77
10071,upojenie,126,pojebane,75
10131,przebycie,124,przyjebie,78
10133,wierzgać,124,wypieprzać,78
10152,oprogramowanie,124,downie,75
10165,wyjec,124,wyjebac,83
10178,nieprzyjacielski,123,pieprz,75
10192,bawół,123,dojebał,77
10205,niedola,122,pierdola,80
10206,pieczywo,122,piczo,77
10243,rozdwojenie,121,jebnie,82
10251,rychły,121,ruchały,77
10288,wysnuć,120,skurwysynu,75
10303,kontynuowanie,120,downie,75
10305,parzyć,120,zapieprzyć,75
10312,zakraść,120,zasrać,77
10317,zepsucie,120,cipe,77
10319,wyładowanie,120,downie,75
10322,pakowanie,119,downie,75
10341,pojmany,119,pojebany,80
10351,zatrucie,119,cipe,77
10360,falowanie,119,downie,75
10389,ziewnięcie,118,cipe,77
10437,szantażować,118,szmata,75
10439,banał,118,najebana,80
10450,powąchać,117,poruchać,75
10466,czesać,117,srać,77
10476,ogłuszająco,117,srając,75
10477,skrępowanie,117,downie,75
10487,szycie,116,cipe,77
10509,zajechać,116,zajebać,80
10519,wikt,116,kurwik,77
10528,ukształtowanie,116,downie,75
10536,podzielać,115,podpierdalać,76
10542,pomachać,115,poruchać,75
10549,pokusić,115,podkurwić,75
10553,porzucać,115,poruchać,88
10559,przykrycie,115,cipe,77
10573,arka,115,jebaka,77
10589,unia,115,hujnia,80
10593,pizza,114,picza,80
10598,spirala,114,spierdala,88
10608,stryjeczny,114,ryj,90
10613,pieczara,114,picza,77
10626,rozbitek,114,rozjebie,75
10668,studiowanie,113,downie,75
10677,parsknięcie,113,cipe,77
10689,nieuprzejmy,113,pieprz,75
10704,zasypiać,112,zasrywać,75
10707,spódniczka,112,piczka,80
10712,zapalniczka,112,piczka,75
10754,zaparzyć,111,zapieprzyć,78
10765,zmierzchać,111,ruchać,75
10779,krocie,111,cipe,77
10783,pojednanie,111,pojebane,78
10838,usiłowanie,110,downie,75
10850,skrucha,110,rucha,83
10872,surowiec,109,skurwic,80
10873,pozbywać,109,obsrywać,75
10891,nawiedzać,109,nawpierdalać,76
10897,oberwać,109,obsrywać,80
10907,bezrobocie,109,cipe,77
10920,nieuprzejmie,109,pieprz,75
10927,podsumowanie,108,downie,75
10941,uruchomienie,108,rucham,75
10951,walc,108,obsrywac,77
10965,krzepko,108,kórewko,77
10966,wdać,108,obsrywać,77
10997,orać,107,srać,75
11018,pobicie,107,cipe,77
11043,nadużycie,106,cipe,77
11085,czaj,105,zapierniczający,90
11086,marnowanie,105,downie,75
11096,nieruchomość,105,rucham,75
11108,wałęsać,105,srać,77
11120,anty,105,jebany,77
11142,wprawiać,104,wkurwiać,75
11189,zasiać,103,zasrać,83
11192,zużycie,103,cipe,77
11199,śródmieście,103,cipe,77
11213,organizowanie,103,downie,75
11247,foka,103,dzifka,77
11299,zmiłowanie,102,downie,75
11300,pożycie,102,cipe,77
11309,promieniście,101,cipe,77
11338,nieodpowiedni,101,downie,75
11355,powierzać,101,spieprzać,78
11371,potknięcie,100,cipe,77
11378,dowieźć,100,downie,77
11381,skrywać,100,obsrywać,80
11398,rozwinięcie,100,cipe,77
11404,popielniczka,100,piczka,75
11406,nawierzchnia,100,chujnia,75
11487,pojmowanie,98,downie,75
11506,zasypywać,98,zasrywać,82
11516,podporządkowanie,98,downie,75
11521,przebój,98,przejebac,75
11581,zagrzać,97,zasrać,77
11600,śmierdzieć,97,śmierdziel,90
11603,sprawowanie,97,downie,75
11624,rozłam,96,rozjebałam,75
11644,hamowanie,96,downie,75
11664,dawanie,96,downie,77
11668,uchylać,96,ruchać,77
11718,skos,95,kurewsko,77
11743,dobywać,94,obsrywać,80
11752,nieprzyzwoity,94,pieprz,75
11776,drgnięcie,94,cipe,77
11781,odpierać,94,odpieprzać,89
11783,lico,94,dopierdolic,77
11811,wiew,93,kurwie,77
11820,huta,93,huja,75
11831,artyleryjski,93,ryj,90
11835,przyspieszać,93,przypieprzać,83
11837,uczesać,93,srać,77
11859,dopisać,93,srać,77
11898,działko,92,dzifko,77
11900,pochylać,92,poruchać,75
11904,leń,92,popierdoleńcu,90
11919,pokrowiec,92,podkurwic,78
11920,dziurka,92,dzifka,77
11951,uniknięcie,91,cipe,77
11968,spięcie,91,cipe,77
11971,wyzdrowienie,91,downie,75
12007,przydzielić,90,przypierdolić,75
12009,napierać,90,napierdalać,84
12022,wyrachowanie,90,downie,75
12039,piernik,90,pierdolnik,82
12064,przebicie,89,rozjebiecie,80
12103,jednolicie,89,cipe,77
12105,tarcie,89,cipe,77
12119,występowanie,89,downie,75
12128,podwoić,88,podkurwić,75
12135,pluskwa,88,kórwa,77
12148,gustownie,88,downie,75
12163,przesiedzieć,88,pierdzieć,76
12186,krzesiwo,88,kurestwo,75
12272,uporządkowanie,87,downie,75
12301,nieprzyjazny,86,pieprz,75
12320,udziec,86,pierdziec,75
12344,lotny,86,pierdolony,80
12388,kształtowanie,85,downie,75
12415,kłucie,85,cipe,77
12424,mrugnięcie,84,cipe,77
12425,atol,84,szmato,77
12433,kapliczka,84,piczka,80
12434,przepierzenie,84,pieprz,75
12445,porywacz,84,obsrywac,75
12464,zdarzać,84,zasrać,77
12480,odnowienie,84,downie,75
12487,prześladowanie,83,downie,75
12520,nieugięcie,83,cipe,77
12525,uchwała,83,ruchała,86
12531,wykuć,83,wykurwić,77
12536,rozcierać,83,rozpierdalać,76
12538,obicie,83,cipe,77
12551,brzuchaty,83,ruchaj,75
12566,dolać,83,opierdola,80
12574,smakowicie,82,cipe,77
12589,kruchość,82,ruchałoś,75
12608,obramowanie,82,downie,75
12618,wykarmić,82,wykurwić,75
12623,dowierzać,82,dopieprzać,84
12638,zapięcie,81,cipe,77
12655,okresowo,81,kurestwo,75
12664,marucha,81,rucha,83
12666,poić,81,udupić,77
12679,kupowanie,81,downie,75
12686,rękawiczka,81,piczka,75
12721,przecierać,80,przepierdalać,78
12753,pieprzyk,80,pieprz,86
12756,spowodowanie,80,downie,75
12764,nieporządnie,80,pieprz,75
12773,brewiarz,80,kurwiarz,75
12830,przymierzyć,79,przypieprzać,78
12842,zaniedbać,79,zajebać,75
12860,dowcipniś,79,cip,90
12863,mianowanie,79,downie,75
12870,kurdupel,78,dupe,90
12899,ciemnota,78,ciota,77
12911,laboratoryjny,78,ryj,90
12957,rozbawić,77,rozjebać,75
12990,bies,77,rozjebiesz,90
13012,kusy,77,kutasy,80
13064,trzaśnięcie,76,cipe,77
13087,dziewuszka,76,dziwka,75
13094,zapowiedzieć,76,pierdzieć,76
13121,ujemnie,75,jebnie,77
13126,grzebanie,75,jebane,75
13149,przejrzyście,75,cipe,77
13182,obywać,74,obsrywać,86
13194,kiwnięcie,74,cipe,77
13203,niestosownie,74,downie,75
13210,urwis,74,kurwiska,90
13236,nagrywać,74,zasrywać,75
13237,pochlebnie,74,jebnie,75
13250,uzdrowienie,74,downie,75
13254,zgrupowanie,74,downie,75
13275,skon,73,kurewsko,77
13288,ryjek,73,ryj,90
13324,okrywać,73,obsrywać,80
13335,ciasnota,73,ciota,77
13357,rozrywać,72,obsrywać,75
13363,wirowanie,72,downie,75
13415,nurkowanie,72,downie,75
13427,podpowiedzieć,71,downie,75
13442,podrzucać,71,poruchać,82
13443,nieodpowiedzialny,71,downie,75
13444,niegodziwość,71,dziwko,75
13457,draśnięcie,71,cipe,77
13461,bania,71,najebana,80
13479,rajd,71,sraj,75
13490,sowi,71,kutasow,77
13501,duchota,71,rozpierducha,75
13554,przodownik,70,downie,75
13565,politowanie,70,downie,75
13628,szatańsko,69,szmata,75
13631,perm,69,spermosiorbacz,90
13640,skraść,69,srać,80
13644,wypierać,69,wypieprzać,89
13646,mordowanie,69,downie,75
13653,podrywać,69,obsrywać,75
13665,ładowanie,69,downie,80
13680,zaginięcie,68,cipe,77
13735,przystosowanie,68,downie,75
13765,nieprzystępny,67,pieprz,75
13766,podszycie,67,cipe,77
13791,wskórać,67,srać,80
13814,wszczęcie,67,cipe,77
13820,obrzucać,67,poruchać,75
13821,ujemny,67,ujebany,77
13827,rzep,67,przepierdala,90
13911,niedaleki,66,pedale,75
13914,zgrywać,66,zasrywać,80
13925,komponowanie,66,downie,75
13993,zdemaskowanie,65,downie,75
13997,urojenie,65,rozjebie,75
14007,nieprzemakalny,65,pieprz,75
14015,obstawać,65,obsrywać,75
14033,przeprawiać,65,przepierdalać,75
14036,cioteczny,65,ciot,90
14053,wykurzyć,65,wykurwić,75
14056,ukoronowanie,65,downie,75
14064,naśladowanie,64,downie,75
14124,przebadać,64,przejebać,78
14126,fuks,64,fuck,75
14130,odmownie,64,downie,86
14159,plebania,64,pojebani,75
14172,pojednać,63,pojebać,80
14176,odsunięcie,63,cipe,77
14181,opalać,63,opierdalać,75
14183,stryjenka,63,ryj,90
14189,dojrzewać,63,dojebać,75
14197,kurzy,63,kurwy,80
14259,parcie,63,cipe,77
14278,darowanie,63,downie,80
14300,jucha,62,rucha,80
14327,śródokręcie,62,cipe,77
14332,tysiąclecie,62,cipe,77
14342,ośli,62,pierdoli,77
14369,chuć,62,chuj,75
14370,ślubowanie,62,downie,75
14376,naśladownictwo,62,downie,75
14418,seryjny,61,ryj,90
14428,kurnik,61,kurwik,83
14438,wygięcie,61,cipe,77
14444,nieudolny,61,pierdolny,78
14454,manipulowanie,61,downie,75
14463,dokupić,61,udupić,77
14467,snucie,61,cipe,77
14470,ukrzyżowanie,61,downie,75
14487,sperma,60,spermosiorbacz,75
14529,ściek,60,cipek,80
14544,domniemanie,60,downie,75
14555,rozesłać,60,rozjebać,75
14559,prababcia,60,cipa,77
14563,pienie,60,pierdolnie,75
14628,smagnięcie,59,cipe,77
14698,kościotrup,59,ciot,90
14702,poczęcie,59,cipe,77
14722,sprzymierzyć,58,przypieprzać,75
14734,wiza,58,wkurwia,77
14750,wykrywać,58,wkurwiać,75
14761,spieprzyć,58,pieprz,90
14778,przysparzać,58,przypieprzać,78
14795,zapełniać,58,zapierniczać,76
14802,dual,58,wypierdal,77
14809,nieprzyjemność,58,pieprz,75
14813,nieprzydatny,58,pieprz,75
14817,budownictwo,58,downie,75
14834,podlewać,57,podjebać,75
14850,szmaragdowy,57,szmata,75
14875,wymierzać,57,wypieprzać,84
14887,świniobicie,57,cipe,77
14890,spożycie,57,cipe,77
14912,odsłonięcie,57,cipe,77
14934,przymierzać,56,przypieprzać,87
14941,formowanie,56,downie,75
14957,październikowy,56,piździe,77
14959,umownie,56,downie,77
14965,zróżnicowanie,56,downie,75
14972,pierzasty,56,pieprz,75
14980,dodanie,56,downie,77
14994,dopowiedzieć,56,pierdzieć,76
14998,puchacz,56,poruchac,80
14999,zastraszenie,56,zasrać,75
15002,sprostowanie,56,downie,75
15013,kontrolowanie,56,downie,75
15030,nadjechać,56,najebać,75
15040,przebaczać,56,zjebac,75
15060,zastraszająco,55,srając,75
15064,raca,55,srac,75
15065,maskowanie,55,downie,75
15080,zaryglować,55,zasrywać,78
15097,nieodzownie,55,downie,75
15129,wyeliminowanie,55,downie,75
15157,krwawnik,55,kórwa,90
15177,kołować,54,koorwa,77
15179,nabycie,54,cipe,77
15195,nawijać,54,nakurwiać,75
15197,znieruchomieć,54,rucham,75
15203,balia,54,dojebala,80
15214,odparcie,54,cipe,77
15217,sapnięcie,54,cipe,77
15219,rozlewać,54,rozjebać,75
15231,nadburcie,54,cipe,77
15238,mruknięcie,54,cipe,77
15242,szorowanie,54,downie,75
15284,klaśnięcie,54,cipe,77
15285,chwalebnie,54,jebnie,75
15299,pilnik,53,pierdolnik,75
15315,ubezpieczać,53,piczka,75
15331,skulić,53,skurwić,77
15342,siedzisko,53,dzifko,75
15374,morderczo,53,morde,90
15422,pląsać,53,srać,77
15454,ożyć,52,nabarłożyć,90
15466,niepohamowanie,52,downie,75
15475,apteczka,52,dupeczka,75
15505,podpierać,52,podpierdalać,86
15531,nieodpowiednio,52,downie,75
15541,ryzykownie,52,downie,75
15547,nóżka,51,jebanka,77
15569,zatruwać,51,zasrywać,75
15577,otrucie,51,cipe,77
15581,wyrafinowanie,51,downie,75
15587,wyprać,51,wypieprzać,75
15588,zlać,51,dopieprzać,77
15620,porachować,51,poruchać,78
15625,całowanie,51,downie,75
15626,wybudowanie,51,downie,75
15651,szczeć,50,kurwiszcze,82
15654,lupa,50,dupa,75
15675,dalia,50,dopierdala,80
15693,zaciek,50,spieprzajcie,75
15698,wiosłowanie,50,downie,75
15706,przyprawiać,50,przypierdalać,75
15712,sprać,50,srać,89
15744,uruchamiać,50,rucha,90
15772,świętowanie,50,downie,75
15782,morderczyni,50,morde,90
15793,stówa,50,zajebista,77
15814,nieprzyzwoitość,49,pieprz,75
15839,rozlegać,49,rozjebać,75
15842,rozbrojenie,49,jebnie,82
15884,mores,49,morde,80
15888,pominięcie,49,cipe,77
15894,nakrywać,49,nakurwiać,82
15899,pstryknięcie,49,cipe,77
15903,wyka,49,dziwka,77
15909,usytuowanie,49,downie,75
15912,filut,49,fiut,89
15918,fałszowanie,49,downie,75
15951,śpiączka,49,piczka,86
15952,kulas,49,kutas,80
15964,szmatka,48,szmata,92
15971,szantażysta,48,szmata,75
15973,ateista,48,zajebista,75
15974,spodziewanie,48,dziwka,75
16007,wybicie,48,wyjebiecie,82
16020,wędrowanie,48,downie,75
16048,manewrowanie,48,downie,75
16062,ugrupowanie,48,downie,75
16073,zdun,48,wpizdu,77
16097,gruchanie,48,rucha,90
16100,dostosowanie,47,downie,75
16116,zapadnięcie,47,cipe,77
16168,styk,47,zajebisty,77
16188,niczyj,47,zapierniczający,75
16241,przeczesywać,47,zesrywać,84
16242,zabezpieczać,47,piczka,75
16250,pralka,46,wypieprzala,75
16262,rozlecieć,46,rozjebcie,78
16276,krzywić,46,kurwić,77
16283,rozbieg,46,rozjebie,80
16298,celowanie,46,downie,75
16321,sójka,46,kurewska,77
16339,rysowanie,46,downie,75
16346,domniemywać,46,downie,75
16361,mignięcie,46,cipe,77
16365,przyprzeć,46,przypieprzać,76
16378,zawój,46,spieprzaj,77
16394,obgryzać,46,obsrywać,75
16424,plądrowanie,45,downie,75
16432,szpiczasty,45,picza,90
16445,zaradny,45,zasranym,80
16463,wyżyna,45,skurwysyna,75
16468,dojeżdżać,45,dojebać,75
16476,otarcie,45,cipe,77
16495,pieczątka,45,piczka,80
16533,podbijać,45,podjebać,75
16552,prychać,45,poruchać,80
16567,chałat,45,ruchała,77
16597,zahamowanie,44,downie,75
16611,nieprzewidywalny,44,pieprz,75
16629,dziełko,44,dzifko,77
16705,rozrzucać,44,ruchać,75
16709,nadłożyć,44,nabarłożyć,78
16714,zagrzebać,44,zajebać,75
16742,parkowanie,44,downie,75
16754,wykrwawić,43,kórwa,90
16767,przybijać,43,przyjebać,78
16777,szpiegowanie,43,downie,75
16782,beknięcie,43,cipe,77
16785,pika,43,piczka,80
16823,perz,43,pieprz,80
16839,załadowanie,43,downie,75
16842,pojmanie,43,pojebane,75
16853,porządkowanie,43,downie,75
16863,upierzenie,43,pieprzniety,76
16889,fotografowanie,43,downie,75
16917,losowanie,42,downie,75
16922,polubownie,42,downie,75
16931,najemny,42,najebany,80
16938,pokroić,42,podkurwić,75
16940,umundurowanie,42,downie,75
16941,chryja,42,ryj,90
16948,dodawanie,42,downie,80
16962,podbicie,42,cipe,77
16971,krawiecki,42,kurwie,75
16973,uwijać,42,nakurwiać,75
16985,łożyć,42,nabarłożyć,90
16991,nasuwać,42,nakurwiać,75
16994,rozładowanie,42,downie,75
17017,żeglowanie,42,downie,75
17059,kursować,42,kurwa,77
17094,obsypywać,41,obsrywać,82
17100,rodzenie,41,rozjebie,75
17108,przypiekać,41,przypieprzać,82
17112,ciołek,41,kurwidołek,75
17128,wykroić,41,wykurwić,80
17151,wypalać,41,wypierdalać,78
17157,zatonięcie,41,cipe,77
17164,łakocie,41,cipe,77
17165,piać,41,udupić,77
17172,pierzyna,41,spieprza,75
17182,plaśnięcie,41,cipe,77
17198,uchować,41,ruchać,77
17213,zwisać,41,srać,77
17214,okólnik,41,pierdolnik,82
17235,blanka,41,jebanka,77
17251,duga,40,dupa,75
17313,najechać,40,najebać,80
17315,zadupie,40,dupie,83
17338,analizowanie,40,downie,75
17350,lipka,40,cipka,80
17356,urzędowanie,40,downie,75
17401,ścieg,40,nakurwiście,80
17425,zrealizowanie,39,downie,75
17443,zadziwiać,39,dziwka,75
17450,nieprzychylny,39,pieprz,75
17452,ignorowanie,39,downie,75
17466,rozszyfrowanie,39,downie,75
17470,dopasowanie,39,downie,75
17488,upychać,39,ruchać,77
17496,zapierać,39,zapierdalać,84
17497,pliszka,39,piczka,77
17520,kurzawa,39,kurwa,83
17522,wyjęcie,39,cipe,77
17523,wyjednać,39,wyjebać,80
17524,ofiarowanie,39,downie,75
17534,dowcipkować,39,cip,90
17544,papierośnica,39,zapierniczać,75
17590,zastraszanie,39,zasrać,75
17604,zagrywka,39,zasrywać,75
17648,pierożek,38,pierdole,75
17650,leśniczówka,38,piczka,75
17663,zdejmowanie,38,downie,75
17675,wieprzowina,38,pieprz,75
17687,sądownie,38,downie,86
17695,zgięcie,38,cipe,77
17708,pozowanie,38,downie,75
17750,przybój,38,przyjebac,75
17751,rozwierać,38,rozpierdalać,76
17761,chlać,38,poruchać,80
17762,fiołek,38,kurwidołek,75
17774,obsypać,38,obsrywać,80
17820,nieodpowiedzialnie,37,downie,75
17827,osiedlać,37,opierdalać,78
17833,krewki,37,kurewski,86
17835,krycie,37,cipe,77
17875,wiąz,37,wkurwią,77
17893,programowanie,37,downie,75
17913,wkurzać,37,wkurwiać,80
17936,skrzywić,37,skurwić,80
17973,zakrywać,37,zasrywać,88
17980,zamążpójście,37,cipe,77
18015,rębacz,36,spermosiorbacz,75
18035,wypełzać,36,wypieprzać,78
18058,nasłuchać,36,ruchać,75
18075,nieuprzejmość,36,pieprz,75
18097,kopiowanie,36,downie,75
18107,mocowanie,36,downie,75
18124,podekscytowanie,36,downie,75
18142,osiągniecie,36,cipe,77
18205,zakwaterowanie,36,downie,75
18212,pielęgnowanie,35,downie,75
18230,pobranie,35,pojebane,75
18250,korweta,35,koorwa,77
18277,rózga,35,spieprza,77
18290,klepnięcie,35,cipe,77
18334,przeszywająco,35,zesrywający,75
18344,podpalać,35,podpierdalać,80
18355,nietaktownie,35,downie,75
18375,podeptać,35,podjebać,75
18464,przewijać,34,przejebać,78
18483,wydrukowanie,34,downie,75
18499,łupnięcie,34,cipe,77
18505,nieprzekonująco,34,pieprz,75
18539,pienić,34,zapierniczający,75
18565,wykuwać,34,wkurwiać,80
18574,przegrupowanie,34,downie,75
18587,sądownictwo,34,downie,75
18589,klonowanie,34,downie,75
18592,zajeżdżać,34,zajebać,75
18595,unieruchomienie,34,rucham,75
18598,dziatwa,34,dziwka,77
18608,holowanie,34,downie,75
18620,plucie,34,cipe,77
18643,astralny,34,zasranym,75
18720,gwizdnięcie,33,cipe,77
18727,handlowiec,33,downie,75
18751,wymarcie,33,cipe,77
18753,szpona,33,kurwiszona,82
18762,rozjechać,33,rozjebać,82
18769,oswojenie,33,jebnie,82
18788,odmierzać,33,odpieprzać,84
18805,zaorać,33,zasrać,83
18817,strzaskać,33,zasrać,75
18828,najeżdżać,33,najebać,75
18836,nakłucie,33,cipe,77
18841,obmywać,33,obsrywać,80
18859,zmiatać,33,szmata,77
18860,królowanie,33,downie,75
18871,podjeść,33,podjebać,80
18888,stąpnięcie,33,cipe,77
18936,olinowanie,32,downie,75
18938,modelowanie,32,downie,75
18946,ukołysać,32,srać,77
18958,konstruowanie,32,downie,75
18978,zatarcie,32,cipe,77
18986,pasowanie,32,downie,75
18988,oczarowanie,32,downie,75
19007,wykrzywiać,32,wkurwiać,78
19012,pokurcz,32,podkurwic,75
19031,zaśnięcie,32,cipe,77
19065,nawiać,32,nakurwiać,80
19086,wyżebrać,32,wyjebać,80
19098,biba,32,najebia,77
19103,datowanie,32,downie,80
19152,kosztownie,31,downie,75
19184,podwojenie,31,jebnie,82
19204,spojenie,31,pojebane,75
19209,duby,31,dupy,75
19219,ustosunkowanie,31,downie,75
19222,huba,31,huja,75
19232,dziwaczność,31,dziwka,75
19246,użytkowanie,31,downie,75
19260,wyparcie,31,cipe,77
19273,wstrząsająco,31,srając,75
19278,zameldowanie,31,downie,75
19305,prószyć,31,zapieprzyć,82
19313,nieprzekupny,31,pieprz,75
19315,sikora,31,spermosiorbacz,75
19322,zatajenie,31,jebnie,82
19338,upierdliwy,31,upierdoli,84
19345,parowanie,31,downie,75
19350,wbicie,31,wjebiecie,80
19359,projektowanie,31,downie,75
19368,przeniknięcie,30,cipe,77
19375,szatnia,30,szmata,77
19383,finansowanie,30,downie,75
19412,atakowanie,30,downie,75
19432,przyswojenie,30,jebnie,82
19433,przyszpilić,30,przypierdolić,75
19438,wysunięcie,30,cipe,77
19442,przepiórka,30,przepierdala,76
19468,wydalać,30,wypierdalać,78
19475,zarysować,30,zasrywać,82
19515,oznakowanie,30,downie,75
19533,kramik,30,kurwami,77
19608,torturowanie,30,downie,75
19611,przedziurawić,30,kurwić,75
19619,szajba,30,zajebac,77
19644,popasać,29,srać,77
19645,produkowanie,29,downie,75
19654,molestowanie,29,downie,75
19659,podesłać,29,podjebać,75
19662,wyobcowanie,29,downie,75
19684,przepłynięcie,29,cipe,77
19687,przebijanie,29,przejebane,76
19696,przedawkowanie,29,downie,75
19701,wygasać,29,srać,77
19711,pierdnięcie,29,pierdolicie,82
19718,zastępczo,29,piczo,80
19754,skandowanie,29,downie,75
19770,przyśpieszać,29,przypieprzać,83
19779,strojenie,29,jebnie,82
19816,spopielić,29,popierdolić,80
19827,nieprzyjaźń,29,pieprz,75
19847,sondowanie,29,downie,75
19861,zszywać,29,zasrywać,80
19964,nadzorowanie,28,downie,75
20012,podpalacz,28,podpierdalac,76
20077,zaparcie,28,cipe,77
20097,zablokowanie,28,downie,75
20100,przelewanie,28,przejebane,76
20145,pompowanie,27,downie,75
20149,gospodarowanie,27,downie,75
20167,obrachunek,27,chujek,75
20169,leniuch,27,pierdoleniu,75
20178,usychać,27,ruchać,77
20186,skomplikowanie,27,downie,75
20194,hasz,27,ruchasz,90
20258,wykołować,27,koorwa,75
20273,aula,27,dojebala,77
20317,zasuwać,27,zasrywać,80
20347,zagarnięcie,27,cipe,77
20352,udekorować,27,koorwa,75
20360,gojenie,27,jebnie,77
20369,balsa,27,dojebala,80
20385,padalec,27,pedale,77
20398,gnicie,26,cipe,77
20426,królewskość,26,kurewsko,78
20427,zacnie,26,spieprzajcie,75
20434,golnąć,26,pierdolnąć,75
20435,kurować,26,kurwa,83
20450,narwać,26,nakurwiać,80
20457,umycie,26,cipe,77
20461,uchwalić,26,ruchali,80
20470,zaabsorbowanie,26,downie,75
20519,warunkowanie,26,downie,75
20521,mordęga,26,mordę,83
20527,wydziwiać,26,dziwka,75
20542,grodzisko,26,dzifko,75
20546,uwarunkowanie,26,downie,75
20555,sieczka,26,piczka,77
20559,odbudowanie,26,downie,75
20573,praktykowanie,26,downie,75
20576,przepić,26,przepierdala,77
20584,zawładnięcie,26,cipe,77
20587,wdowieństwo,26,downie,75
20602,oprzyrządowanie,26,downie,75
20619,tolerowanie,26,downie,75
20645,zerknięcie,26,cipe,77
20655,kawaleryjski,26,ryj,90
20675,przylegać,26,przyjebać,78
20695,buchać,25,ruchać,83
20708,eksperymentowanie,25,downie,75
20723,krojenie,25,rozjebie,75
20725,podkręcić,25,podkurwić,78
20730,przydzielać,25,przypierdalać,75
20822,filozofowanie,25,downie,75
20834,potrącać,25,poruchać,75
20842,lesbijka,25,lesbijko,88
20860,spalać,25,spierdalać,75
20863,rozdmuchać,25,ruchać,75
20866,banan,25,najebana,80
20869,chuchać,25,ruchać,77
20878,pojemny,25,pojebany,80
20879,zagięcie,25,cipe,77
20925,nieprzeciętny,25,pieprz,75
20930,zasilać,25,zasrać,77
20936,niektóry,25,pieprzniety,75
20941,grafit,25,fiut,77
20947,pilotowanie,25,downie,75
20955,nieprzystojnie,25,pieprz,75
20968,targowanie,25,downie,75
20972,dostrojenie,25,jebnie,82
20982,odżyć,25,nabarłożyć,80
20991,zarażać,25,zasrać,77
20996,upchać,24,ruchać,83
21002,przewiercić,24,przepierdolić,75
21005,niepochlebnie,24,jebnie,75
21027,zakodować,24,koorwa,75
21031,przesiedlenie,24,pierdolenie,75
21045,pieprzówka,24,pieprz,90
21061,informowanie,24,downie,75
21084,kuria,24,kurwica,83
21094,odpalać,24,odpierdalać,78
21100,kasowy,24,kutasow,77
21111,przypinać,24,przypieprzać,76
21120,nabiał,24,najebał,77
21130,krzyżowanie,24,downie,75
21135,harc,24,poruchac,77
21174,przydybać,24,przyjebać,78
21203,nieprzeparcie,24,pieprz,75
21204,odgrzebać,24,zjebać,82
21208,testowanie,24,downie,75
21209,nieukontentowanie,24,downie,75
21214,rozczesać,24,srać,77
21220,zapeszyć,24,zapieprzyć,78
21223,urywać,24,nakurwiać,75
21236,rozgorączkowanie,24,downie,75
21241,sfałszowanie,24,downie,75
21253,schowanie,24,downie,75
21278,nieporządny,24,pieprz,75
21288,kotwiczka,24,piczka,75
21317,szturchać,24,ruchać,75
21326,znieruchomienie,23,rucham,75
21334,żonglowanie,23,downie,75
21373,wylądowanie,23,downie,75
21381,przejmowanie,23,downie,75
21418,pędziwiatr,23,dziwka,75
21420,lgnąć,23,pierdolnąć,80
21421,sarkać,23,srać,80
21423,ubarwić,23,kurwić,77
21435,obrywać,23,obsrywać,93
21438,szybowanie,23,downie,75
21441,zadraśnięcie,23,cipe,77
21453,spiskowanie,23,downie,75
21472,dojenie,23,dojebie,86
21478,patrolowanie,23,downie,75
21485,opasać,23,srać,77
21489,odpowiedzialnie,23,downie,75
21497,piłowanie,23,downie,75
21500,piwniczka,23,piczka,80
21508,ujechać,23,ruchać,77
21513,puknięcie,23,cipe,77
21526,dźgnięcie,23,cipe,77
21557,komunikowanie,23,downie,75
21584,pogrzebanie,23,zjebane,77
21613,redagowanie,23,downie,75
21626,umocowanie,23,downie,75
21635,pojeść,23,pojebać,77
21640,podkuć,23,podkurwić,80
21687,wklęśnięcie,22,cipe,77
21697,odwzorowanie,22,downie,75
21709,kwestionowanie,22,downie,75
21735,inżynieryjny,22,ryj,90
21739,spiczasto,22,picza,90
21762,barć,22,dojebać,77
21794,nieustająco,22,srając,75
21807,wygaśnięcie,22,cipe,77
21815,zwinięcie,22,cipe,77
21816,sukienny,22,sukinsyny,82
21829,pupa,22,dupa,75
21832,szton,22,kurwiszon,80
21842,monitorowanie,22,downie,75
21870,przytwierdzić,22,przypierdolić,77
21872,dawkowanie,22,downie,75
21897,papucie,22,cipe,77
21911,zamierzyć,22,zapieprzyć,84
21912,orędownik,22,downie,75
21915,blokowanie,22,downie,75
21954,klarownie,22,downie,75
21960,przysłuchać,22,ruchać,75
21962,szastać,22,szmata,77
21973,wspięcie,22,cipe,77
21985,przestudiowanie,22,downie,75
22008,zarzynać,21,zasrywać,75
22018,posucha,21,poruchac,80
22019,prasowanie,21,downie,75
22037,branka,21,jebanka,77
22045,zaprząg,21,zapieprzą,75
22048,odgadnięcie,21,cipe,77
22051,piórnik,21,pierdolnik,75
22063,decydowanie,21,downie,75
22079,poszarpać,21,zasrać,75
22132,oszacowanie,21,downie,75
22141,wkupić,21,wkurwić,77
22156,przymierać,21,przypieprzać,82
22173,podziewać,21,dziwka,75
22184,odmierzyć,21,odpieprzy,78
22197,przypalać,21,przypierdalać,82
22199,kokieteryjny,21,ryj,90
22205,obsunięcie,21,cipe,77
22207,biurowiec,21,kurwie,75
22225,splunięcie,21,cipe,77
22245,szurać,21,srać,80
22255,cerowanie,21,downie,75
22263,wiercipięta,21,cip,90
22265,uśmierzenie,21,śmierdziel,76
22286,zacier,21,spieprzajcie,75
22307,reprezentowanie,21,downie,75
22308,miesiączka,21,piczka,75
22323,rozrachunek,20,chujek,75
22329,wieprzowy,20,pieprzony,78
22331,niedźwiedziowaty,20,dziwka,75
22333,olać,20,opierdola,77
22343,ciek,20,cipek,89
22345,wdarcie,20,cipe,77
22355,wysrać,20,srać,90
22371,wibrowanie,20,downie,75
22372,obycie,20,cipe,77
22383,nieodpowiedzialność,20,downie,75
22391,wojowanie,20,downie,75
22400,rozebranie,20,rozjebie,78
22401,rozpościerać,20,rozpierdalać,75
22411,puderniczka,20,piczka,75
22440,przeszywać,20,zesrywać,78
22449,wyniuchać,20,ruchać,75
22461,iskać,20,kurwiska,80
22467,zasnuwać,20,zasrywać,75
22468,siepacz,20,spieprzac,75
22474,uregulowanie,20,downie,75
22495,fucha,20,rucha,80
22499,dorzucać,20,poruchać,75
22506,zdyscyplinowanie,20,downie,75
22508,dokowanie,20,downie,80
22511,ruczaj,20,ruchaj,83
22513,niedomówienie,20,downie,75
22538,czkać,20,dupeczka,80
22550,jednać,20,jebnać,83
22582,zatrzaśnięcie,20,cipe,77
22631,porywająco,20,obsrywający,76
22670,odizolowanie,20,downie,75
22672,zakasać,20,srać,77
22692,zaostrzać,20,zasrać,80
22707,galanteryjny,19,ryj,90
22712,nieprzytomność,19,pieprz,75
22717,bladoniebieski,19,downie,75
22722,kurczowy,19,kurwy,77
22729,formułowanie,19,downie,75
22752,maltretowanie,19,downie,75
22771,wkuwać,19,wkurwiać,86
22797,zafascynowanie,19,downie,75
22805,obsuwać,19,obsrywać,80
22821,wpić,19,kurwić,77
22822,wędkowanie,19,downie,75
22831,kadrowiec,19,downie,75
22856,ciosać,19,srać,77
22866,rozradowanie,19,downie,75
22881,zgruchotać,19,ruchać,75
22883,torpedowiec,19,downie,75
22935,wniebowzięcie,19,cipe,77
22937,przepracowanie,19,downie,75
22952,przewijanie,19,przejebane,76
22968,rzeźbienie,19,rozjebiecie,76
22972,szczucie,19,cipe,77
22986,orny,19,skutasiony,77
22991,polerowanie,19,downie,75
23004,biczowanie,19,downie,75
23023,zagospodarowanie,19,downie,75
23036,rżnięcie,19,cipe,77
23040,wiceprzewodniczący,19,pieprz,75
23093,dosłuchać,19,ruchać,75
23094,zagryzać,19,zasrywać,75
23099,szczek,19,kurwiszcze,82
23104,rozpisać,18,srać,77
23108,wniknięcie,18,cipe,77
23117,spacerowanie,18,downie,75
23150,internowanie,18,downie,75
23160,rozpieprzyć,18,pieprz,90
23167,propagowanie,18,downie,75
23173,smarowanie,18,downie,75
23193,podupadać,18,dupa,90
23209,gradobicie,18,cipe,77
23234,zaryć,18,zasrywać,77
23257,nieprzezroczysty,18,pieprz,75
23269,podjeżdżać,18,podjebać,78
23280,skanowanie,18,downie,75
23287,radiowiec,18,downie,75
23291,próżnowanie,18,downie,75
23310,kresa,18,kurewska,77
23322,odejmowanie,18,downie,75
23325,zamontowanie,18,downie,75
23353,przyprawa,18,przypierdala,76
23376,mordobicie,18,cipe,77
23384,rozjeżdżać,18,rozjebać,78
23421,rozkołysać,18,srać,77
23426,przylać,18,odpieprzyla,83
23447,debiutant,18,debilu,75
23468,odzierać,18,odpieprzać,78
23484,rejestrowanie,18,downie,75
23491,wykrzywić,18,wykurwić,82
23505,przeklęcie,17,cipe,77
23510,zamocowanie,17,downie,75
23522,nieopanowanie,17,downie,75
23557,zmontowanie,17,downie,75
23558,kultywowanie,17,downie,75
23575,zaspać,17,zasrać,83
23587,szkuta,17,skutasiony,75
23598,wykolejenie,17,jebnie,82
23610,przejednać,17,przejebać,84
23634,popieprzyć,17,pieprz,90
23635,kuglarstwo,17,kurestwo,78
23664,królica,17,kurwica,77
23689,dolmen,17,pierdolenie,75
23698,opadnięcie,17,cipe,77
23702,wyprostowanie,17,downie,75
23709,dój,17,podjebac,90
23711,zwiastowanie,17,downie,75
23712,gruchać,17,ruchać,92
23721,pączkowanie,17,downie,75
23733,ukochać,17,ruchać,77
23735,synekura,17,kurwa,80
23786,dobicie,17,cipe,77
23787,powzięcie,17,cipe,77
23790,kancelaryjny,17,ryj,90
23817,krewetka,17,kurewska,75
23821,krówka,17,kórwa,89
23846,rwa,17,koorwa,90
23865,racjonowanie,17,downie,75
23869,krwawica,17,kórwa,90
23873,biadolenie,17,pierdolenie,76
23901,dziurawić,17,kurwić,75
23905,wnioskowanie,17,downie,75
23906,kołowanie,17,downie,75
23912,symulowanie,17,downie,75
23918,wypiek,17,wypieprza,75
23930,dyktowanie,17,downie,75
23937,zarejestrowanie,17,downie,75
23938,alga,17,dojebala,77
23979,dostrajać,16,srajac,75
23980,niebanalny,16,jebana,75
23987,spółkowanie,16,downie,75
24016,belkowanie,16,downie,75
24017,pochowanie,16,downie,75
24030,chałwa,16,ruchała,77
24038,zagajenie,16,jebnie,82
24047,przewiercać,16,przepierdalać,75
24049,ruchomo,16,ruchałom,80
24079,tiul,16,ciul,75
24080,skra,16,kurewska,77
24092,hodowanie,16,downie,80
24093,odpowiedniość,16,downie,75
24094,osunięcie,16,cipe,77
24138,skarać,16,srać,80
24149,wymknięcie,16,cipe,77
24150,ucztowanie,16,downie,75
24184,kremowo,16,kórewko,77
24193,okucie,16,cipe,77
24199,dożywianie,16,downie,75
24201,zbytkownie,16,downie,75
24207,teoretyzowanie,16,downie,75
24215,obmurowanie,16,downie,75
24218,potrząśnięcie,16,cipe,77
24274,nieruchawy,16,rucha,90
24279,darcie,16,cipe,77
24296,psucie,16,cipe,77
24315,przeładowanie,16,downie,75
24317,pieczarka,16,piczka,80
24332,rozszarpywać,16,zasrywać,79
24338,asekurować,16,kurwaa,75
24340,podziurawić,16,podkurwić,80
24353,filmowanie,16,downie,75
24363,rabowanie,16,downie,75
24379,zarwać,16,zasrywać,86
24389,krwiak,16,kurwik,83
24397,nadmuchać,16,ruchać,75
24401,zawieruszyć,16,zapieprzyć,76
24405,przełknięcie,16,cipe,77
24421,królewsko,15,kurewsko,88
24448,przywdziewać,15,dziwka,75
24492,sprecyzowanie,15,downie,75
24504,bandażowanie,15,downie,75
24533,alit,15,przyjebali,77
24542,zamierzać,15,zapieprza,78
24563,rajdowiec,15,downie,75
24568,dryfowanie,15,downie,75
24573,zamilknięcie,15,cipe,77
24586,nieparzysty,15,pieprz,75
24593,osypywać,15,obsrywać,75
24596,zagwarantowanie,15,downie,75
24601,rozjemca,15,rozjebac,75
24612,maszerowanie,15,downie,75
24616,karciarz,15,kurwiarz,75
24626,telefonowanie,15,downie,75
24662,porachunek,15,chujek,75
24666,debiutancki,15,debilu,75
24681,zasiedlić,15,zapierdolić,80
24703,aryjski,15,ryj,90
24711,dogrzebać,15,zjebać,82
24716,szyfrowanie,15,downie,75
24719,klapnięcie,15,cipe,77
24728,wzdęcie,15,cipe,77
24776,dekorować,15,koorwa,75
24786,zeskrobywać,15,zesrywać,84
24791,wykolejeniec,15,jebnie,75
24804,dniówka,15,dziwka,83
24812,sortowanie,15,downie,75
24828,profit,15,fiut,77
24834,salutowanie,15,downie,75
24876,ujma,15,huja,75
24884,wypasać,15,srać,77
24886,ujmowanie,15,downie,75
24891,szanowanie,15,downie,75
24904,niuchać,15,ruchać,77
24907,skasowanie,15,downie,75
24922,przejawić,15,przejebać,78
24927,forsowanie,15,downie,75
24935,wyszarpać,15,zasrać,75
24961,zdrowienie,14,downie,75
24967,zrujnowanie,14,downie,75
24972,małpowanie,14,downie,75
24975,faworyzowanie,14,downie,75
24984,dopiekać,14,dopieprzać,78
24993,prącie,14,cipe,77
24996,publikowanie,14,downie,75
24997,nieprzejednanie,14,pieprz,75
25008,mordownia,14,downie,75
25067,wodowanie,14,downie,80
25068,pieprzny,14,pieprzony,94
25077,pierzchać,14,spieprzać,78
25102,notowanie,14,downie,75
25111,nieprzydatność,14,pieprz,75
25121,solniczka,14,piczka,75
25124,papierniczy,14,zapierniczać,78
25143,zakuwać,14,nakurwiać,75
25156,drukowanie,14,downie,75
25179,korektor,14,korewko,80
25193,czarowanie,14,downie,75
25196,siorbać,14,spermosiorbacz,77
25198,knucie,14,cipe,77
25199,ikra,14,kórwa,75
25205,sprzątnięcie,14,cipe,77
25219,miedza,14,śmierdziel,75
25229,napromieniowanie,14,downie,75
25241,połknięcie,14,cipe,77
25250,dziewanna,14,dziwka,75
25252,bezguście,14,cipe,77
25266,doznawanie,14,downie,75
25267,stopniowanie,14,downie,75
25269,ruja,14,huja,75
25276,dublowanie,14,downie,75
25290,osierdzie,14,pierdziec,78
25291,runięcie,14,cipe,77
25320,płaczka,14,piczka,77
25343,folgowanie,14,downie,75
25349,zaczesać,14,srać,77
25351,owocnie,14,downie,77
25361,żebranina,14,jebani,75
25367,ropień,14,porozpierdala,75
25402,terminowanie,14,downie,75
25405,ugięcie,14,cipe,77
25407,zrastać,14,zasrać,77
25411,pomalowanie,14,downie,75
25443,przywóz,14,zapieprzysz,75
25453,naładowanie,14,downie,75
25454,wysiedlić,14,wypierdolić,80
25502,ropieć,13,porozpierdala,75
25543,nieprzystojny,13,pieprz,75
25548,pozrywać,13,obsrywać,75
25569,obozowanie,13,downie,75
25571,recytowanie,13,downie,75
25572,werbalny,13,wyjebany,75
25581,nieprzystępność,13,pieprz,75
25586,odsłuchać,13,ruchać,75
25588,magazynowanie,13,downie,75
25596,bierzmowanie,13,downie,75
25603,podparcie,13,cipe,77
25622,zbicie,13,cipe,77
25633,owinięcie,13,cipe,77
25656,trenowanie,13,downie,75
25669,koloratka,13,koorwa,75
25670,szargać,13,zasrać,77
25675,majeranek,13,jebane,75
25680,rozkoszowanie,13,downie,75
25682,tasowanie,13,downie,75
25685,nieumiarkowanie,13,downie,75
25741,pogruchotać,13,poruchać,84
25745,flirtowanie,13,downie,75
25771,odblokowanie,13,downie,75
25772,zastępowanie,13,downie,75
25775,ruchawka,13,rucha,90
25780,brylować,13,obsrywać,75
25788,plotkowanie,13,downie,75
25804,przegięcie,13,cipe,77
25808,bojkotować,13,koorwa,75
25819,srożyć,13,nabarłożyć,75
25824,ciepłota,13,ciota,77
25835,osłuchać,13,poruchać,75
25841,ciotunia,13,ciot,90
25850,dojeść,13,dojebać,77
25853,spozierać,13,spieprzać,78
25878,brzuchacz,13,ruchaj,75
25882,uzdolnienie,13,downie,75
25901,litowanie,13,downie,75
25905,obryw,13,obsrywac,77
25928,krzewić,13,kurwić,77
25929,przymocowanie,13,downie,75
25943,wydatkowanie,13,downie,75
25948,liźnięcie,13,cipe,77
25952,wsunięcie,13,cipe,77
25962,podusić,13,podkurwić,75
26000,zapatrywać,13,zasrywać,78
26005,lawirowanie,13,downie,75
26024,poruczyć,13,poruchać,75
26039,kurara,13,kurwaa,83
26062,wytarcie,13,cipe,77
26064,beztalencie,13,cipe,77
26108,seraj,12,sraj,89
26130,kodowanie,12,downie,80
26166,uruchamianie,12,rucha,90
26167,ukamienowanie,12,downie,75
26180,zmycie,12,cipe,77
26187,rozpierać,12,rozpierdalać,86
26188,werbowanie,12,downie,75
26208,wertowanie,12,downie,75
26235,bezsłownie,12,downie,75
26238,kurierski,12,kurewski,82
26254,krytykowanie,12,downie,75
26257,krasawica,12,kurwica,75
26312,walnięcie,12,cipe,77
26352,protokołować,12,koorwa,75
26371,negowanie,12,downie,75
26377,prostowanie,12,downie,75
26394,współodpowiedzialny,12,downie,75
26403,inwestowanie,12,downie,75
26411,cumowanie,12,downie,75
26430,pielić,12,pierdolić,80
26445,podżegać,12,podjebać,75
26470,realizowanie,12,downie,75
26482,afektowanie,12,downie,75
26486,instalowanie,12,downie,75
26492,znakowanie,12,downie,75
26512,pasywa,12,zasrywający,75
26581,przesiedlić,12,przepierdolić,83
26582,podbierać,12,podpierdalać,76
26585,odseparowanie,12,downie,75
26593,podpowiedź,12,downie,75
26596,mimikra,12,kórwa,77
26598,zasięgnięcie,12,cipe,77
26599,zastygać,12,zasrywać,75
26617,napastowanie,12,downie,75
26618,szkalowanie,12,downie,75
26619,przepijać,12,przejebać,78
26626,zaprószyć,12,zapieprzyć,78
26640,podebrać,12,podjebać,88
26652,przemijać,12,przejebać,78
26679,ćwiartowanie,12,downie,75
26686,wydmuchać,12,ruchać,75
26694,ładowniczy,11,downie,75
26697,rozwarcie,11,cipe,77
26698,wyszynk,11,skurwysynski,77
26737,wyrżnięcie,11,cipe,77
26758,mędrkowanie,11,downie,75
26769,ruchomość,11,rucham,75
26788,obmycie,11,cipe,77
26823,powyrzucać,11,poruchać,78
26856,przędziwo,11,dziwko,82
26875,uprzywilejowanie,11,downie,75
26926,obrazowanie,11,downie,75
26936,wyginięcie,11,cipe,77
26944,zasłabnięcie,11,cipe,77
26946,schlebianie,11,jebani,75
26949,izolowanie,11,downie,75
26961,prezentowanie,11,downie,75
26974,nieprzystosowanie,11,downie,75
26982,handlowanie,11,downie,75
26987,katalogowanie,11,downie,75
27036,pieklić,11,pierdolić,75
27042,wyczesać,11,srać,77
27056,upicie,11,cipe,77
27061,przezierać,11,przepierdalać,78
27070,nieprzewidywalność,11,pieprz,75
27094,zaniknięcie,11,cipe,77
27110,nakupić,11,nakurwiać,75
27130,pokąsać,11,srać,77
27138,zapakowanie,11,downie,75
27139,wmurować,11,wkurwiać,75
27140,diwa,11,dziwka,80
27149,następowanie,11,downie,75
27157,identyfikowanie,11,downie,75
27169,zaczęcie,11,cipe,77
27195,targnięcie,11,cipe,77
27202,dziękowanie,11,downie,75
27224,ożaglowanie,11,downie,75
27228,galeryjka,11,ryj,90
27233,akcentowanie,11,downie,75
27240,zamarznięcie,11,cipe,77
27241,kooperować,11,koorwa,75
27266,administrowanie,11,downie,75
27277,ogarnięcie,11,cipe,77
27312,regulowanie,11,downie,75
27342,okratowanie,11,downie,75
27374,baca,11,dojebac,77
27385,ciapa,11,cipa,89
27406,kursowanie,11,downie,75
27458,podwajać,10,podjebać,75
27467,nieprzekraczalny,10,pieprz,75
27480,tuja,10,huja,75
27481,pośliźnięcie,10,cipe,77
27484,odjęcie,10,cipe,77
27491,przedawnienie,10,downie,75
27500,zasłonięcie,10,cipe,77
27530,szkicowanie,10,downie,75
27532,murowanie,10,downie,75
27561,peryferyjny,10,ryj,90
27569,zakrzywiać,10,zasrywać,78
27594,podłubać,10,podjebać,75
27595,zasłać,10,zasrać,83
27605,napomknięcie,10,cipe,77
27609,kiełkowanie,10,downie,75
27652,ubarwiać,10,wkurwiać,75
27654,zadbanie,10,zajebane,75
27665,odszyfrowanie,10,downie,75
27670,nazrywać,10,zasrywać,75
27677,nieprzytulny,10,pieprz,75
27679,tytułowanie,10,downie,75
27684,złajać,10,zajebać,77
27695,montowanie,10,downie,75
27724,ucałowanie,10,downie,75
27753,wymierać,10,wypieprzać,78
27756,szlifowanie,10,downie,75
27759,poćwiartowanie,10,downie,75
27765,zaprotokołować,10,koorwa,75
27771,zrośnięcie,10,cipe,77
27777,szczytowanie,10,downie,75
27866,pokrzyżowanie,10,downie,75
27893,zawierzać,10,zapieprza,78
27915,warsztatowy,10,szmato,75
27959,paradowanie,10,downie,75
27985,ryzykowanie,10,downie,75
27995,wstępowanie,10,downie,75
28004,wgięcie,10,cipe,77
28012,przymknięcie,10,cipe,77
28039,wstrzyknięcie,10,cipe,77
28110,przerąbać,10,przejebać,78
28112,radowanie,10,downie,80
28224,oskrobywać,9,obsrywać,78
28226,zaakcentowanie,9,downie,75
28340,przypieprzyć,9,przypieprzać,92
28345,omasztowanie,9,downie,75
28353,sraczka,9,srac,90
28373,rozplanowanie,9,downie,75
28412,odpłynięcie,9,cipe,77
28429,stryjostwo,9,ryj,90
28433,kutia,9,kutas,80
28456,bagatelizowanie,9,downie,75
28468,natknięcie,9,cipe,77
28471,dziwożona,9,dziwko,75
28473,spożytkowanie,9,downie,75
28474,stróżowanie,9,downie,75
28475,rozsierdzić,9,rozpierdolić,78
28507,kretowisko,9,kurewsko,78
28527,przystrajać,9,srajac,75
28570,poszatkować,9,szmato,75
28576,zapoczątkowanie,9,downie,75
28589,torowanie,9,downie,75
28602,kohorta,9,koorwa,77
28619,akceptowanie,9,downie,75
28623,hałasowanie,9,downie,75
28624,samozaparcie,9,cipe,77
28650,cywilizowanie,9,downie,75
28666,pedel,9,pierdel,83
28668,przedmuchać,9,ruchać,75
28675,ozdrowieć,9,downie,75
28682,przebrnięcie,9,cipe,77
28684,rozdziewać,9,dziwka,75
28695,wyciosać,9,srać,77
28732,stepowanie,9,downie,75
28736,kandydowanie,9,downie,75
28745,oprocentowanie,9,downie,75
28760,wykluwać,9,wkurwiać,75
28770,podkuwać,9,podkurwić,82
28772,przekrwienie,9,kurwie,75
28774,nieprawdziwość,9,dziwko,75
28794,perliczka,9,piczka,80
28799,sędziować,9,dziwka,75
28800,drożyć,9,nabarłożyć,75
28810,przepoić,9,przepierdolić,76
28824,podmurowanie,9,downie,75
28834,rojenie,9,rozjebie,80
28839,cytowanie,9,downie,75
28840,załam,9,wypieprzała,80
28850,przeprać,9,przypieprzać,80
28870,przejeść,9,przejebać,82
28878,piętnowanie,9,downie,75
28882,wyparowanie,9,downie,75
28905,proponowanie,9,downie,75
28910,komentowanie,9,downie,75
28914,skroić,9,skurwić,77
28916,pierwotniak,9,pierdolnik,76
28928,córunia,9,chujnia,77
28934,uzwojenie,9,jebnie,82
28935,szantażowanie,9,downie,75
28963,jednodniówka,9,dziwka,75
28964,podwijać,9,podjebać,75
28978,nieprzychylność,9,pieprz,75
29020,pruderyjny,9,ryj,90
29026,interpretowanie,9,downie,75
29029,żebrowanie,9,downie,75
29040,sądowniczy,9,downie,75
29041,pikowanie,9,downie,75
29078,dzieworództwo,8,dziwko,75
29082,dziczka,8,dzifka,77
29086,zaintrygowanie,8,downie,75
29092,niegustownie,8,downie,75
29108,zżycie,8,cipe,77
29119,obumarcie,8,cipe,77
29121,świętopietrze,8,pieprz,75
29133,rośnięcie,8,cipe,77
29143,brnięcie,8,cipe,77
29151,zakołysać,8,srać,77
29160,wezbrać,8,wjebać,77
29163,zakrawać,8,zasrywać,75
29181,majstrowanie,8,downie,75
29229,zafałszowanie,8,downie,75
29239,podcierać,8,podpierdalać,76
29246,krzepnięcie,8,cipe,77
29267,szykanowanie,8,downie,75
29268,koordynowanie,8,downie,75
29286,odwzajemnienie,8,jebnie,75
29310,nakłuwać,8,nakurwiać,82
29343,pierzynka,8,pieprz,75
29345,upad,8,dupa,75
29354,sklejenie,8,jebnie,82
29364,uprawić,8,kurwić,77
29377,opieprzyć,8,pieprz,90
29378,tamaryndowiec,8,downie,75
29383,zaszywać,8,zasrywać,88
29415,prawowicie,8,cipe,77
29422,zarąbać,8,zasrać,77
29425,moralizowanie,8,downie,75
29426,klasyfikowanie,8,downie,75
29431,przykucie,8,cipe,77
29437,ciupka,8,cipka,91
29441,niwa,8,chujnia,77
29449,próbowanie,8,downie,75
29504,zasiewać,8,zasrywać,75
29512,zespawać,8,zesrywać,75
29522,zastraszać,8,zasrać,75
29526,ustępowanie,8,downie,75
29534,ścier,8,nakurwiście,80
29546,penetrowanie,8,downie,75
29553,zasłuchać,8,ruchać,75
29559,przepalać,8,przepierdalać,82
29569,przestrojenie,8,jebnie,82
29571,wydęcie,8,cipe,77
29572,piecza,8,picza,91
29578,odcyfrowanie,8,downie,75
29580,niepokojenie,8,jebnie,82
29590,sugerowanie,8,downie,75
29597,uprzyjemniać,8,przyjebać,76
29614,zasiedlać,8,zapierdalać,80
29618,wykwitać,8,wkurwiać,75
29656,dziwaczyć,8,dziwka,75
29662,imitowanie,8,downie,75
29692,ciupa,8,cipa,89
29693,nieruchomieć,8,rucham,75
29707,koloratura,8,koorwa,75
29710,wpierać,8,wpierdalać,82
29737,rozpostarcie,8,cipe,77
29744,uchlać,8,ruchać,83
29753,okablowanie,8,downie,75
29772,popsucie,8,cipe,77
29788,popołudniówka,8,dziwka,75
29789,zlatywać,8,zasrywać,75
29806,powinszowanie,8,downie,75
29813,powodowanie,8,downie,75
29818,zredagowanie,8,downie,75
29827,dzwonko,8,dziwko,77
29829,obciach,8,cipach,77
29841,wstrząśnięcie,8,cipe,77
29850,skuwać,8,skurwić,77
29881,przywierać,8,przypieprzać,82
29922,sunięcie,7,cipe,77
29938,surowica,7,kurwica,80
29956,szczotkowanie,7,downie,75
29962,farbowanie,7,downie,75
29989,kontemplowanie,7,downie,75
29997,szpalta,7,szmata,77
29998,tresowanie,7,downie,75
30001,strofowanie,7,downie,75
30030,wymiotowanie,7,downie,75
30051,ekranowanie,7,downie,75
30078,wyrzucie,7,cipe,77
30100,wyrugowanie,7,downie,75
30103,argumentowanie,7,downie,75
30156,przypierać,7,przypieprzać,91
30172,woskowanie,7,downie,75
30198,wyczesywać,7,zesrywać,78
30207,wydrwić,7,wykurwić,80
30211,zestrojenie,7,jebnie,82
30214,cygarniczka,7,piczka,75
30225,opodatkowanie,7,downie,75
30235,nieprzezorny,7,pieprzony,76
30245,nieprzenikalny,7,pieprz,75
30277,zaminowanie,7,downie,75
30281,narodowiec,7,downie,75
30312,podpić,7,podpierdala,75
30313,napiętnowanie,7,downie,75
30319,pedofil,7,pierdolil,75
30324,nawiew,7,nawpierdalac,75
30336,pieniacz,7,zapierniczający,79
30337,zarywać,7,zasrywać,93
30340,zarżnięcie,7,cipe,77
30346,dofinansowanie,7,downie,75
30353,zasychać,7,zasrywać,75
30358,nastrajać,7,srajac,75
30379,dźwignięcie,7,cipe,77
30384,wyzierać,7,wypieprzać,78
30460,pohasać,7,srać,77
30463,pogrywać,7,obsrywać,75
30480,zabudowanie,7,downie,75
30488,nadziewać,7,dziwka,75
30490,delegowanie,7,downie,75
30519,kodować,7,koorwa,77
30521,leżakowanie,7,downie,75
30538,kierdel,7,pierdel,86
30606,rzeżucha,7,rucha,77
30635,zsumowanie,7,downie,75
30639,smakowanie,7,downie,75
30644,kursywa,7,kurwa,83
30661,bezkrwawy,7,kórwa,90
30662,zwariowanie,7,downie,75
30663,obwarowanie,7,downie,75
30673,zrewidowanie,7,downie,75
30705,skrobnięcie,7,cipe,77
30713,skoordynowanie,7,downie,75
30714,skonstatowanie,7,downie,75
30726,dostrajanie,7,srajac,75
30770,krótkotrwałość,7,koorwa,75
30778,trzepnięcie,7,cipe,77
30811,trzepaczka,7,piczka,75
30823,reklamowanie,7,downie,75
30825,wkuwanie,7,wkurwiacie,78
30833,wędrownik,7,downie,75
30840,rozprucie,7,cipe,77
30849,rozpięcie,7,cipe,77
30882,rozstrojenie,7,jebnie,82
30886,rozmycie,7,cipe,77
30887,różnicowanie,7,downie,75
30904,rozdęcie,7,cipe,77
30931,wężymord,7,morde,80
30932,lutowanie,7,downie,75
30944,zasysać,6,zasrywać,80
30950,zbycie,6,cipe,77
30971,galopowanie,6,downie,75
30976,tatuowanie,6,downie,75
31009,zsunięcie,6,cipe,77
31026,zdekodować,6,koorwa,75
31044,haftowanie,6,downie,75
31058,weterynaryjny,6,ryj,90
31083,wałkowanie,6,downie,75
31084,kasowanie,6,downie,75
31177,uradowanie,6,downie,75
31195,kolorować,6,koorwa,80
31229,zadebiutować,6,debilu,75
31250,biga,6,najebia,77
31267,hartowanie,6,downie,75
31271,zarysowanie,6,downie,75
31274,zaserwować,6,zasrywać,78
31291,hoja,6,huja,75
31295,żałowanie,6,downie,75
31359,wynarodowienie,6,downie,75
31367,wykastrowanie,6,downie,75
31370,wykurzać,6,wkurwiać,75
31393,matkowanie,6,downie,75
31412,krewkość,6,kórewko,86
31413,krewetkowy,6,kórewko,75
31415,masowanie,6,downie,75
31417,skaj,6,kurewska,77
31428,rozstrajać,6,srajac,75
31431,celebrowanie,6,downie,75
31432,oscylowanie,6,downie,75
31439,stroniczka,6,piczka,75
31441,królewiątko,6,kórewko,75
31465,palcowanie,6,downie,75
31466,demolowanie,6,downie,75
31498,otrząśnięcie,6,cipe,77
31507,świśnięcie,6,cipe,77
31513,poślizgnięcie,6,cipe,77
31515,nabicie,6,cipe,77
31528,dykteryjka,6,ryj,90
31547,okólny,6,pierdolny,80
31567,krawiectwo,6,kurwie,75
31579,deista,6,zajebista,75
31581,pupcia,6,dupcia,83
31583,popielnik,6,popierdoleni,76
31584,popielica,6,popierdolic,80
31604,nieprzewidywalnie,6,pieprz,75
31605,nieprzetłumaczalny,6,pieprz,75
31608,opieprz,6,pieprz,92
31612,porozdzielać,6,porozpierdalać,77
31613,nieprzekupność,6,pieprz,75
31621,opłynięcie,6,cipe,77
31622,definiowanie,6,downie,75
31632,splądrowanie,6,downie,75
31648,dobieg,6,dojebie,77
31671,pielenie,6,pierdolenie,84
31735,przygrzać,6,przypieprzać,76
31739,podarcie,6,cipe,77
31745,sparaliżowanie,6,downie,75
31773,podźwignięcie,6,cipe,77
31781,denerwowanie,6,downie,75
31787,pojenie,6,pojebane,80
31791,rozrąbać,6,rozjebać,75
31794,bryja,6,ryj,90
31798,dyskryminowanie,6,downie,75
31805,rozgrzebać,6,rozjebać,78
31812,rozkrwawiać,6,kórwa,90
31813,podsunięcie,6,cipe,77
31833,napicie,6,cipe,77
31835,dogasać,6,srać,77
31843,patriarchalnie,6,ruchali,77
31844,sprzymierzać,6,przypieprzać,83
31854,pedałowanie,6,downie,75
31864,podupaść,6,dupa,90
31916,sędziwość,6,dziwko,75
31925,eliminowanie,6,downie,75
31942,relacjonowanie,6,downie,75
31945,minięcie,6,cipe,77
31946,samobiczowanie,6,downie,75
31972,obwisać,6,srać,77
31979,obtarcie,6,cipe,77
31990,odkuwać,6,podkurwić,75
32033,ryjówka,6,ryj,90
32036,ryza,6,spieprza,77
32041,odzywka,6,dziwka,77
32046,odzwyczajać,6,zajebać,75
32053,ogrywać,6,obsrywać,80
32079,odczarowanie,6,downie,75
32086,lenić,6,popierdoleni,80
32099,szacowanie,6,downie,75
32101,przekwalifikowanie,6,downie,75
32107,szafowanie,6,downie,75
32120,przecier,6,przepierdala,79
32125,dowalić,6,napierdolić,75
32133,zaklęśnięcie,5,cipe,77
32136,zakneblowanie,5,downie,75
32137,przetrząśnięcie,5,cipe,77
32169,ładownica,5,downie,75
32171,skwitowanie,5,downie,75
32214,burleska,5,kurewska,75
32223,wyminięcie,5,cipe,77
32229,podjadać,5,podjebać,75
32234,użebrać,5,ujebać,77
32247,interweniowanie,5,downie,75
32293,zakucie,5,cipe,77
32295,promowanie,5,downie,75
32342,podkupić,5,podkurwić,82
32351,przodownictwo,5,downie,75
32353,dziekański,5,dzifka,75
32361,ircha,5,rucha,80
32368,zalegalizowanie,5,downie,75
32389,dziobnięcie,5,cipe,77
32397,segregowanie,5,downie,75
32446,przeprogramowanie,5,downie,75
32458,popielnica,5,popierdolic,76
32461,zaaferowanie,5,downie,75
32479,potrzaskać,5,zasrać,75
32502,improwizowanie,5,downie,75
32517,debiutować,5,debilu,75
32529,przepiłowanie,5,downie,75
32554,sfinalizowanie,5,downie,75
32570,unieruchamiać,5,rucha,90
32572,rugowanie,5,downie,75
32587,cechowanie,5,downie,75
32592,sąsiadowanie,5,downie,75
32616,zagojenie,5,jebnie,82
32635,wykurować,5,wkurwiać,82
32638,chłodziwo,5,dziwko,82
32646,anyż,5,jebany,77
32650,wydźwignięcie,5,cipe,77
32661,uszeregowanie,5,downie,75
32667,loteryjny,5,ryj,90
32679,upodobnienie,5,downie,75
32682,upodobać,5,podjebać,75
32689,dekodowanie,5,downie,75
32692,lansowanie,5,downie,75
32705,wykrwawiać,5,kórwa,90
32710,międzylądowanie,5,downie,75
32715,przejadać,5,przejebać,78
32720,upięcie,5,cipe,77
32722,przesiedlać,5,przepierdalać,83
32734,sklasyfikowanie,5,downie,75
32739,nieprzejrzystość,5,pieprz,75
32746,nieprzenikliwy,5,pieprz,75
32759,szprycowanie,5,downie,75
32764,nieprzejezdny,5,pieprz,75
32777,zużytkowanie,5,downie,75
32781,kursowy,5,kurwy,83
32796,ociosać,5,srać,77
32820,opasywać,5,obsrywać,75
32843,oskórować,5,obsrywać,75
32848,obszycie,5,cipe,77
32853,rozczłonkowanie,5,downie,75
32873,strachajło,5,ruchaj,75
32913,więdnięcie,5,cipe,77
32927,orientowanie,5,downie,75
32930,krematoryjny,5,ryj,90
32933,wpojenie,5,pojebane,75
32979,zreperowanie,5,downie,75
32981,komplikowanie,5,downie,75
32990,zraszać,5,zasrać,77
33016,niezdyscyplinowanie,5,downie,75
33029,majsterkowanie,5,downie,75
33033,odparowanie,5,downie,75
33038,dowiezienie,5,downie,75
33057,balsamowanie,5,downie,75
33084,zsypywać,5,zasrywać,75
33097,bakteryjny,5,ryj,90
33101,błaznowanie,5,downie,75
33127,rezygnowanie,5,downie,75
33143,zasadny,5,zasranym,80
33168,pierdzenie,5,pierdolenie,86
33173,obligatoryjny,5,ryj,90
33176,żartowanie,5,downie,75
33186,kamienowanie,5,downie,75
33194,rozkrwawić,5,kórwa,90
33200,konserwowanie,5,downie,75
33206,zastrajkować,5,zasrać,75
33208,tyknięcie,5,cipe,77
33219,neutralizowanie,5,downie,75
33228,medytowanie,5,downie,75
33234,zaspawać,5,zasrywać,75
33240,wetknięcie,5,cipe,77
33303,piknięcie,5,cipe,77
33315,żyłkowanie,5,downie,75
33350,gazowanie,5,downie,75
33380,kruszon,5,kurwiszon,75
33409,zdemontowanie,5,downie,75
33414,obsmarować,5,obsrywać,78
33418,zbojkotować,5,koorwa,75
33423,obsiewać,5,obsrywać,75
33429,bronowanie,5,downie,75
33443,biwakowanie,5,downie,75
33451,niedokrwienie,5,kurwie,75
33487,zawinięcie,5,cipe,77
33490,zawisać,5,srać,77
33496,przyspieszacz,5,przypieprzac,80
33509,zaszargać,5,zasrać,80
33534,włóka,4,dziwka,77
33547,wkłuwać,4,wkurwiać,80
33566,przedzielić,4,przepierdolić,75
33587,przystrojenie,4,jebnie,82
33589,przystrajanie,4,srajac,75
33607,prześpiewać,4,przepierdalać,75
33619,cieniowanie,4,downie,75
33622,przyzba,4,przyjebac,75
33629,przytwierdzać,4,przypieprzać,80
33630,przesłonięcie,4,cipe,77
33633,współodpowiedzialność,4,downie,75
33672,przewartościowanie,4,downie,75
33681,przyodziewać,4,dziwka,75
33684,jelitowy,4,jebliwy,80
33700,raić,4,zasrać,77
33714,przemianowanie,4,downie,75
33723,przegrzać,4,przypieprzać,76
33734,reaktywowanie,4,downie,75
33738,wnerwiać,4,wkurwiać,75
33743,przekłucie,4,cipe,77
33759,formatowanie,4,downie,75
33769,pudrowanie,4,downie,75
33771,przeprzeć,4,przypieprzać,76
33779,marynowanie,4,downie,75
33799,przepicie,4,cipe,77
33802,pyskowanie,4,downie,75
33808,ozdrowieniec,4,downie,75
33810,dopięcie,4,cipe,77
33824,niepamiętny,4,cipami,75
33844,zdarcie,4,cipe,77
33854,ostygnięcie,4,cipe,77
33865,nieprzechodni,4,pieprz,75
33869,zgarnięcie,4,cipe,77
33872,nieprzenikliwie,4,pieprz,75
33874,opierzenie,4,pieprzniety,76
33876,nieprzepuszczalny,4,pieprz,75
33879,nieprzezorność,4,pieprz,75
33900,orędownictwo,4,downie,75
33905,zestrajać,4,srajac,75
33913,zblazowanie,4,downie,75
33914,zasmarować,4,zasrywać,78
33917,perfumeryjny,4,ryj,90
33920,zassać,4,zasrać,83
33929,gwarantowanie,4,downie,75
33936,patronowanie,4,downie,75
33937,perlon,4,pierdolona,75
33942,pieprzowy,4,pieprz,90
33943,pieprzniczka,4,pieprz,90
33954,zasapać,4,zasrać,77
33962,peruczka,4,dupeczka,75
34008,papiernia,4,zapierniczać,76
34029,odbezpieczać,4,piczka,75
34043,zrymować,4,zasrywać,75
34049,odkroić,4,podkurwić,75
34059,odgarnięcie,4,cipe,77
34061,drapnięcie,4,cipe,77
34066,drenowanie,4,downie,75
34084,obdarcie,4,cipe,77
34095,obryzgiwać,4,obsrywać,78
34098,generowanie,4,downie,75
34106,zwichrowanie,4,downie,75
34108,obsychać,4,obsrywać,75
34135,nieruchliwy,4,ruchali,77
34145,zluzowanie,4,downie,75
34147,okrzepnięcie,4,cipe,77
34168,aktualizowanie,4,downie,75
34178,odrestaurowanie,4,downie,75
34188,odpięcie,4,cipe,77
34203,zmatowieć,4,szmato,75
34218,odstępowanie,4,downie,75
34223,głodowanie,4,downie,75
34248,mydelniczka,4,piczka,75
34252,wytknięcie,4,cipe,77
34282,nadepnięcie,4,cipe,77
34302,ząbkowanie,4,downie,75
34319,porozwalać,4,porozpierdalać,75
34321,porozrzucać,4,ruchać,75
34330,wysnucie,4,cipe,77
34333,protegowanie,4,downie,75
34380,wymycie,4,cipe,77
34394,pozorowanie,4,downie,75
34396,wysiedlać,4,wypierdalać,80
34416,preferowanie,4,downie,75
34418,instruowanie,4,downie,75
34421,precyzowanie,4,downie,75
34428,wyregulowanie,4,downie,75
34438,zamarcie,4,cipe,77
34452,diagnozowanie,4,downie,75
34479,podmuchać,4,poruchać,82
34500,zaprzęgnięcie,4,cipe,77
34501,pinezka,4,piczka,77
34525,nastrojenie,4,jebnie,82
34531,heblowanie,4,downie,75
34535,naszkicowanie,4,downie,75
34542,nagięcie,4,cipe,77
34547,anulowanie,4,downie,75
34554,zaczarowanie,4,downie,75
34578,dekorowanie,4,downie,75
34589,półkwarcie,4,cipe,77
34617,pofruwać,4,poruchać,75
34621,pokrwawić,4,kórwa,90
34658,baraszkowanie,4,downie,75
34666,filtrowanie,4,downie,75
34674,katapultowanie,4,downie,75
34701,strzepnięcie,4,cipe,77
34740,rzutowanie,4,downie,75
34748,kurzawka,4,kurwa,77
34753,rozbujać,4,rozjebać,75
34761,konfrontowanie,4,downie,75
34791,wartościowanie,4,downie,75
34815,korniszon,4,kurwiszon,78
34841,studniówka,4,dziwka,75
34847,rozpakowanie,4,downie,75
34853,subsydiowanie,4,downie,75
34882,karczowanie,4,downie,75
34891,sznurowanie,4,downie,75
34903,cenzurowanie,4,downie,75
34905,korygowanie,4,downie,75
34921,teista,4,zajebista,75
34928,kruchta,4,rucha,83
34935,buszowanie,4,downie,75
34941,szatkować,4,szmato,75
34966,krótkotrwale,4,koorwa,75
34986,transportowanie,4,downie,75
35005,średniówka,4,dziwka,75
35044,kojenie,4,jebnie,77
35045,krzywik,4,kurwik,77
35052,skomunikowanie,4,downie,75
35068,boksowanie,4,downie,75
35096,sylabizowanie,4,downie,75
35116,rozsunięcie,4,cipe,77
35135,loteryjka,4,ryj,90
35136,balot,4,pojebalo,80
35174,buchalteryjny,4,ryj,90
35210,kurak,4,kurwa,80
35229,upostaciowanie,4,downie,75
35235,skorygowanie,4,downie,75
35246,kreskowy,4,kurewsko,75
35250,kuraż,4,kurwa,80
35252,terroryzowanie,4,downie,75
35253,skorek,4,korewko,77
35269,rokowanie,4,downie,75
35272,boniowanie,4,downie,75
35275,spiętrzać,4,spieprzać,78
35290,ucichać,4,ruchać,77
35295,spełzać,4,spieprzać,75
35297,lesbijski,4,lesbijko,82
35310,kołowacizna,3,koorwa,75
35313,koloraturowy,3,koorwa,75
35314,strząśnięcie,3,cipe,77
35342,poratowanie,3,downie,75
35345,doprać,3,dopieprzać,75
35350,skalpowanie,3,downie,75
35368,siorbnięcie,3,cipe,77
35414,zdziesiątkowanie,3,downie,75
35421,żeniaczka,3,piczka,75
35428,popularyzowanie,3,downie,75
35436,przemeblować,3,przejebać,76
35440,świergolić,3,wpierdolić,80
35482,cewnikowanie,3,downie,75
35493,kibicowanie,3,downie,75
35495,motywowanie,3,downie,75
35503,sędziowanie,3,downie,75
35510,aktywowanie,3,downie,75
35540,kawiarz,3,kurwiarz,80
35557,zilustrowanie,3,downie,75
35560,biedzić,3,pierdzieć,75
35574,okupowanie,3,downie,75
35583,zimowanie,3,downie,75
35599,wywinięcie,3,cipe,77
35608,optowanie,3,downie,75
35618,musowanie,3,downie,75
35641,bezawaryjny,3,ryj,90
35655,styryjski,3,ryj,90
35656,zeswatać,3,zesrywać,75
35659,betonowanie,3,downie,75
35679,potrojenie,3,jebnie,82
35698,poupychać,3,poruchać,82
35703,poucinać,3,poruchać,75
35711,sumowanie,3,downie,75
35728,nieprzekazywalny,3,pieprz,75
35752,płuczka,3,piczka,77
35772,dyskursywny,3,skurwysyny,76
35782,etyl,3,pieprzniety,77
35791,udobruchanie,3,rucha,90
35795,spaprać,3,spieprzać,75
35840,podbudowanie,3,downie,75
35842,krwawoczerwony,3,kórwa,90
35850,ambulatoryjny,3,ryj,90
35852,krwinka,3,kurwiska,80
35866,śmignięcie,3,cipe,77
35896,stalowoniebieski,3,downie,75
35907,etyk,3,pieprzniety,77
35918,narowić,3,nakurwiać,75
35926,ubezpieczalnia,3,piczka,75
35940,zastrugać,3,zasrać,80
35963,tygodniówka,3,dziwka,75
35969,perhydrol,3,pierdol,75
35971,perlić,3,pierdolić,80
35987,tynkowanie,3,downie,75
35989,zastawać,3,zasrywać,75
36039,ucywilizowanie,3,downie,75
36040,harowanie,3,downie,75
36051,spekulowanie,3,downie,75
36062,dystansowanie,3,downie,75
36070,pieprzowiec,3,pieprz,90
36071,pieprznik,3,pieprz,90
36095,sprzęgnięcie,3,cipe,77
36097,trzylecie,3,cipe,77
36106,naklejenie,3,jebnie,82
36118,nakraść,3,nakurwiać,75
36126,zadzierzgnięcie,3,cipe,77
36128,pokrewność,3,kórewko,75
36129,zdeprawowanie,3,downie,75
36131,zdeponowanie,3,downie,75
36133,najęcie,3,cipe,77
36144,pogderać,3,podjebać,75
36145,zagrywać,3,zasrywać,88
36148,otrzaskać,3,zasrać,75
36151,zagrzebanie,3,zjebane,77
36177,skubnięcie,3,cipe,77
36180,całkowanie,3,downie,75
36210,składowanie,3,downie,75
36223,półpoście,3,cipe,77
36242,zaczesywać,3,zasrywać,78
36243,zadrgać,3,zasrać,77
36244,huknięcie,3,cipe,77
36268,zadecydowanie,3,downie,75
36273,słabowicie,3,cipe,77
36278,ukrwienie,3,kurwie,75
36294,stemplowanie,3,downie,75
36301,podrwiwać,3,podkurwić,78
36308,gruchotać,3,ruchać,80
36311,zakrwawiać,3,kórwa,90
36375,zakasywać,3,zasrywać,82
36396,zajad,3,spieprzaja,80
36408,trzebież,3,rozjebie,75
36415,hołdowniczy,3,downie,75
36426,ożebrowanie,3,downie,75
36442,zaklejenie,3,jebnie,82
36450,drapowanie,3,downie,75
36451,przyczesywać,3,zesrywać,84
36454,odęcie,3,cipe,77
36458,przycumowanie,3,downie,75
36462,szmatławy,3,szmata,80
36471,niwelowanie,3,downie,75
36493,rozpierzchnięcie,3,pieprz,75
36495,przeżerać,3,przejebać,78
36507,cugowy,3,chujowy,77
36525,odgięcie,3,cipe,77
36526,gięcie,3,cipe,77
36553,szpiclowanie,3,downie,75
36598,przyklejenie,3,jebnie,82
36643,wydziałowy,3,wypiździały,76
36663,odpowietrznik,3,downie,75
36677,niezaangażowanie,3,downie,75
36682,przepięcie,3,cipe,77
36687,przepojenie,3,jebnie,82
36698,wąskotorówka,3,koorwa,75
36709,rozpryśnięcie,3,cipe,77
36725,przewietrzać,3,przypieprzać,75
36732,wycieruch,3,rucha,80
36746,emitowanie,3,downie,75
36754,wydojenie,3,jebnie,82
36771,żółknięcie,3,cipe,77
36812,refinansowanie,3,downie,75
36824,absorbowanie,3,downie,75
36825,redukowanie,3,downie,75
36828,wieprzak,3,wypieprza,82
36835,obrysować,3,obsrywać,82
36836,kadrowanie,3,downie,75
36837,obryzgać,3,obsrywać,75
36862,romansowanie,3,downie,75
36881,zyskownie,3,downie,75
36893,windowanie,3,downie,75
36905,reperowanie,3,downie,75
36933,rejentalny,3,jebnal,75
36935,wkupywać,3,wkurwiać,75
36936,kamuflowanie,3,downie,75
36943,wkłucie,3,cipe,77
36948,kalibrowanie,3,downie,75
36960,przytknięcie,3,cipe,77
36965,lżenie,3,pierdolenie,82
36971,jodłowanie,3,downie,75
36980,konfiskowanie,3,downie,75
37001,rozjemczy,3,rozjebmy,82
37013,przyprószać,3,przypieprzać,82
37016,adoptowanie,3,downie,75
37018,mdlenie,3,pierdolenie,77
37026,emanowanie,3,downie,75
37038,sztukowanie,3,downie,75
37044,cieczka,3,piczka,77
37058,rąbnięcie,3,cipe,77
37060,purpurowieć,3,kurwie,75
37087,nówka,3,jebanka,77
37116,szufladkowanie,3,downie,75
37119,obszywać,3,obsrywać,88
37129,nieuszanowanie,3,downie,75
37134,przedziurawienie,3,kurwie,75
37146,modyfikowanie,3,downie,75
37149,wypiekać,3,wypieprzać,78
37166,ogólnik,3,pierdolnik,82
37168,fosforyzowanie,3,downie,75
37193,wykrawać,3,wkurwiać,75
37210,rujnowanie,3,downie,75
37230,wykrojenie,3,jebnie,82
37259,zmazywać,3,zasrywać,75
37262,protestowanie,3,downie,75
37290,egzystowanie,3,downie,75
37291,oferowanie,3,downie,75
37295,wyniknięcie,3,cipe,77
37303,ogniskowanie,3,downie,75
37340,ryglowanie,3,downie,75
37368,koronowanie,3,downie,75
37370,dygnięcie,3,cipe,77
37387,dozbrojenie,3,jebnie,82
37409,przemielić,3,przepierdolić,78
37411,utycie,3,cipe,77
37416,rozwidlać,3,rozpierdalać,76
37431,wyjeść,3,wyjebać,77
37468,szuflowanie,2,downie,75
37510,obsmarowywać,2,obsrywać,80
37516,stalowanie,2,downie,75
37524,stacjonowanie,2,downie,75
37547,obiektywizowanie,2,downie,75
37562,dryblowanie,2,downie,75
37567,dokumentowanie,2,downie,75
37568,faszerowanie,2,downie,75
37574,ocembrowanie,2,downie,75
37584,syntetyzowanie,2,downie,75
37613,synostwo,2,skurwysynstwo,84
37615,zwerbalizowanie,2,downie,75
37622,krygowanie,2,downie,75
37630,obwałowanie,2,downie,75
37646,drucianka,2,dupcia,75
37679,zasyłać,2,zasrywać,80
37686,pasożytowanie,2,downie,75
37688,druciak,2,dupcia,77
37691,obciosać,2,srać,77
37692,kosztowanie,2,downie,75
37701,ziew,2,pizdzie,77
37705,paździerz,2,piździe,75
37709,zaszeregowanie,2,downie,75
37720,zaszyfrowanie,2,downie,75
37731,tonowanie,2,downie,75
37735,fasowanie,2,downie,75
37738,zatknięcie,2,cipe,77
37747,abstrahowanie,2,downie,75
37776,okrojenie,2,jebnie,82
37778,szydełkowanie,2,downie,75
37785,torbacz,2,spermosiorbacz,77
37811,doświetlić,2,downie,75
37845,obciosywać,2,obsrywać,78
37852,fastrygowanie,2,downie,75
37860,godziwość,2,dziwko,75
37870,parzyście,2,cipe,77
37878,oclić,2,napierdolić,80
37900,zdetronizowanie,2,downie,75
37914,gipsowanie,2,downie,75
37924,dopalać,2,dopierdalać,78
37926,zobrazowanie,2,downie,75
37934,alkalia,2,dopierdalala,75
37941,żołądkowiec,2,downie,75
37946,zerowanie,2,downie,75
37954,odkorkowanie,2,downie,75
37957,konwersowanie,2,downie,75
37958,zdegradowanie,2,downie,75
37968,orbitowanie,2,downie,75
37984,oszalowanie,2,downie,75
38005,ześrodkowanie,2,downie,75
38039,szatkownica,2,szmato,75
38051,odpełzać,2,odpieprzać,78
38057,kolonizowanie,2,downie,75
38059,kreskowanie,2,downie,75
38066,odpokutowanie,2,downie,75
38067,dozorowanie,2,downie,75
38068,stryjowski,2,ryj,90
38074,odpowietrzyć,2,odpieprzy,76
38079,nieparzystość,2,pieprz,75
38081,dozowanie,2,downie,80
38102,dwojenie,2,dojebie,80
38108,niepodobnie,2,downie,75
38133,zdwojenie,2,jebnie,82
38136,korować,2,koorwa,77
38139,szatkowanie,2,downie,75
38144,osłabnięcie,2,cipe,77
38147,oślepnięcie,2,cipe,77
38153,zdrzemnięcie,2,cipe,77
38154,kremówka,2,kurewska,80
38161,niknięcie,2,cipe,77
38172,zmechanizowanie,2,downie,75
38175,szpiczak,2,picza,90
38190,zgnicie,2,cipe,77
38223,nieprzekładalny,2,pieprz,75
38230,szablista,2,zajebista,78
38235,zmanierowanie,2,downie,75
38240,systematyzowanie,2,downie,75
38243,surowiczy,2,kurwic,75
38267,żupa,2,dupa,75
38274,zmarznięcie,2,cipe,77
38275,nieprzepisowy,2,pieprz,75
38277,zmasowanie,2,downie,75
38283,furażowanie,2,downie,75
38289,nieprzepuszczalność,2,pieprz,75
38299,odzwyczajenie,2,jebnie,82
38300,odżycie,2,cipe,77
38307,zregenerowanie,2,downie,75
38323,zbrojenie,2,jebnie,82
38330,nitowanie,2,downie,75
38333,domknięcie,2,cipe,77
38354,zmotoryzowanie,2,downie,75
38360,blefowanie,2,downie,75
38365,sterylizowanie,2,downie,75
38387,adresowanie,2,downie,75
38393,szminkowanie,2,downie,75
38409,nieprzeciętność,2,pieprz,75
38413,goździkowy,2,dzifko,75
38420,trzebienie,2,rozjebiecie,76
38422,owocowanie,2,downie,75
38429,zezowanie,2,downie,75
38441,kompilowanie,2,downie,75
38444,konwojowanie,2,downie,75
38458,logowanie,2,downie,75
38471,milknięcie,2,cipe,77
38476,przejaskrawić,2,skurwić,77
38487,przemalowanie,2,downie,75
38514,minispódniczka,2,piczka,75
38563,przedzielać,2,przepierdalać,75
38582,rozsiedlać,2,rozpierdalać,82
38598,rozregulowanie,2,downie,75
38614,przestrajać,2,srajac,75
38619,miedniczka,2,piczka,75
38623,przestankowanie,2,downie,75
38627,przeorganizowanie,2,downie,75
38629,przepieprzyć,2,pieprz,90
38639,miesiączkowanie,2,downie,75
38659,bateryjka,2,ryj,90
38661,przerdzewieć,2,pierdzieć,76
38668,kartkowanie,2,downie,75
38703,wyprucie,2,cipe,77
38706,utylizowanie,2,downie,75
38711,samouspokojenie,2,jebnie,82
38721,profanowanie,2,downie,75
38724,wyplucie,2,cipe,77
38730,procesowanie,2,downie,75
38763,uszykowanie,2,downie,75
38774,prawdomównie,2,downie,75
38796,charakteryzowanie,2,downie,75
38797,saprofit,2,fiut,77
38804,licytowanie,2,downie,75
38806,prognozowanie,2,downie,75
38817,liścień,2,rozjebaliście,83
38818,liściec,2,rozjebaliście,83
38861,wymiarowanie,2,downie,75
38863,przebieralnia,2,przepierdala,80
38880,modulowanie,2,downie,75
38922,prosperowanie,2,downie,75
38936,racjonalizowanie,2,downie,75
38942,rachowanie,2,downie,75
38951,pytlowanie,2,downie,75
38969,ciapać,2,cipa,80
38984,maglowanie,2,downie,75
38990,publiczka,2,piczka,80
38995,pszeniczka,2,piczka,75
39033,maselniczka,2,piczka,75
39065,rewidowanie,2,downie,75
39087,repetowanie,2,downie,75
39103,rezerwowanie,2,downie,75
39128,ciachać,2,cipach,77
39154,reżyserowanie,2,downie,75
39188,ługowanie,2,downie,75
39202,weryfikowanie,2,downie,75
39223,przodowanie,2,downie,75
39232,wycier,2,wypierdal,75
39258,rozpierzchać,2,rozpierducha,83
39264,przeżeranie,2,przejebane,76
39280,przewinięcie,2,cipe,77
39283,łupa,2,dupa,75
39301,łyknięcie,2,cipe,77
39319,przywyknięcie,2,cipe,77
39332,rozegnać,2,rozjebać,75
39349,przylgnięcie,2,cipe,77
39350,przylga,2,odpieprzyla,83
39370,przyklęknięcie,2,cipe,77
39382,przypięcie,2,cipe,77
39406,podmówić,2,podkurwić,75
39411,uklęknięcie,2,cipe,77
39420,podkurcz,2,podkurwic,82
39437,podpięcie,2,cipe,77
39446,podój,2,podjebac,90
39462,podkarmić,2,podkurwić,78
39478,ugodowiec,2,downie,75
39494,śmietniczka,2,piczka,75
39500,podetkać,2,podjebać,75
39520,podbarwić,2,podkurwić,78
39527,dziesiątkowanie,2,downie,75
39549,zajezdnia,2,zajebia,75
39556,lakierowanie,2,downie,75
39572,skucie,2,cipe,77
39587,zakorkowanie,2,downie,75
39595,destylowanie,2,downie,75
39602,ukucie,2,cipe,77
39604,zakrwawić,2,kórwa,90
39607,zakrzepnięcie,2,cipe,77
39612,napalać,2,napierdalać,78
39626,słodownik,2,downie,75
39632,zakłucie,2,cipe,77
39635,klęknięcie,2,cipe,77
39659,pierzchliwy,2,pieprz,75
39680,pikietowanie,2,downie,75
39689,pierzyć,2,zapieprzyć,82
39693,spłonięcie,2,cipe,77
39714,kodyfikowanie,2,downie,75
39717,księgowanie,2,downie,75
39724,sprasowanie,2,downie,75
39737,pieczętowanie,2,downie,75
39740,pieczarkowy,2,piczka,75
39741,pieczarkarnia,2,piczka,75
39744,sponsorowanie,2,downie,75
39746,spopielenie,2,popierdoleni,78
39756,piaskowanie,2,downie,75
39764,spiralka,2,spierdala,82
39788,zaperzać,2,zapieprza,82
39791,kłusowanie,2,downie,75
39834,zaprotestowanie,2,downie,75
39836,nawiercać,2,nawpierdalać,76
39863,naszywać,2,zasrywać,75
39864,działobicie,2,cipe,77
39892,muszkatołowy,2,szmato,75
39894,urżnięcie,2,cipe,77
39911,imponowanie,2,downie,75
39916,wytrawić,2,wykurwić,75
39919,wytrenowanie,2,downie,75
39922,wytrucie,2,cipe,77
39924,poszturchać,2,ruchać,75
39926,poszkodować,2,koorwa,75
39928,importowanie,2,downie,75
39941,seryjność,2,ryj,90
39943,potęgowanie,2,downie,75
39946,poruczać,2,poruchać,88
39960,ilustrowanie,2,downie,75
39972,sieczkarnia,2,piczka,75
39977,debatowanie,2,downie,75
40009,chałka,2,ruchała,77
40019,archiwizowanie,2,downie,75
40044,inicjowanie,2,downie,75
40066,berberyjski,2,ryj,90
40080,seminaryjny,2,ryj,90
40085,imputowanie,2,downie,75
40102,wystygnięcie,2,cipe,77
40126,zacytowanie,2,downie,75
40144,zadęcie,2,cipe,77
40153,demobil,2,debilu,77
40179,filetowanie,2,downie,75
40185,najeżać,2,najebać,86
40194,zagadnięcie,2,cipe,77
40199,demoralizowanie,2,downie,75
40212,pokręcać,2,poruchać,75
40237,lamentowanie,2,downie,75
40254,popaździernikowy,2,piździe,77
40261,zabagnić,2,zajebani,75
40264,zabalsamowanie,2,downie,75
40265,poobrywać,2,obsrywać,82
40278,upupić,2,udupić,83
40300,nadęcie,2,cipe,77
40320,nadszarpywać,2,zasrywać,79
40328,skat,2,kurewska,77
40339,idealizowanie,2,downie,75
40351,deklamowanie,2,downie,75
40355,nadpowietrzny,2,downie,75
40357,pomrugać,2,poruchać,75
40359,skanalizowanie,2,downie,75
